JobSeekerID,Age,EducationLevel,Industry,Location,PreviousRole,ApplicationsSent,InterviewsReceived,UpskilledDuringSearch,GotJob,TimeToJob_Days,TimeToInterview_Days,FinalSalary,WasUnemployedBefore,AppsPerWeek
1,28,High School,Finance,Birmingham,Software Developer,23,5,Yes,Yes,146,5,58698,No,0.2397260274
2,23,High School,Retail,Birmingham,Nurse,19,6,No,Yes,173,25,55713,No,0.2427745665
3,35,Bachelor’s,Finance,London,Electrician,26,4,No,Yes,94,11,30189,Yes,0.2978723404
4,42,High School,Healthcare,London,Cashier,20,5,No,Yes,18,26,50108,Yes,1.944444444
5,45,High School,Finance,Bristol,Nurse,22,0,No,Yes,56,,24558,Yes,0
6,35,Master’s,Tech,Birmingham,Electrician,27,4,Yes,Yes,169,29,43909,Yes,0.1656804734
7,44,Bachelor’s,Construction,Manchester,Teacher,22,7,No,Yes,162,23,31215,Yes,0.3024691358
8,31,Bachelor’s,Finance,Bristol,Teacher,20,3,No,Yes,21,10,22103,No,1
9,46,High School,Retail,Leeds,Teacher,26,2,Yes,Yes,108,23,50071,Yes,0.1296296296
10,37,High School,Construction,Leeds,Nurse,22,5,Yes,Yes,156,15,43723,Yes,0.2243589744
11,29,Bachelor’s,Tech,London,Electrician,28,5,Yes,Yes,115,22,24163,No,0.3043478261
12,45,Bachelor’s,Healthcare,Leeds,Cashier,21,2,No,No,,3,,Yes,
13,55,Master’s,Construction,Manchester,Customer Support,22,1,Yes,Yes,7,26,37261,Yes,1
14,53,PhD,Construction,Manchester,Electrician,26,5,No,Yes,46,14,30587,Yes,0.7608695652
15,41,Bachelor’s,Tech,Manchester,Electrician,17,3,No,Yes,68,21,25161,Yes,0.3088235294
16,52,Master’s,Education,Birmingham,Software Developer,23,3,No,No,,8,,No,
17,54,Master’s,Healthcare,Birmingham,Nurse,30,6,No,Yes,86,15,64019,No,0.488372093
18,49,Master’s,Healthcare,London,Software Developer,19,0,Yes,Yes,157,,56301,Yes,0
19,35,High School,Construction,Bristol,Customer Support,29,7,Yes,No,,30,,No,
20,25,Bachelor’s,Finance,Bristol,Accountant,29,7,Yes,Yes,153,21,50976,Yes,0.3202614379
21,51,Master’s,Retail,London,Customer Support,23,5,No,Yes,112,17,23550,Yes,0.3125
22,24,Bachelor’s,Finance,London,Software Developer,22,6,Yes,Yes,42,16,32025,No,1
23,50,High School,Tech,Glasgow,Electrician,22,6,No,Yes,19,23,55427,Yes,2.210526316
24,26,PhD,Retail,Birmingham,Accountant,32,9,No,Yes,109,4,30789,No,0.5779816514
25,21,PhD,Finance,Glasgow,Cashier,18,4,No,No,,28,,No,
26,30,High School,Retail,London,Nurse,29,8,No,Yes,87,4,23286,No,0.6436781609
27,53,PhD,Education,Birmingham,Customer Support,25,5,No,Yes,54,5,58996,Yes,0.6481481481
28,36,Bachelor’s,Education,Birmingham,Nurse,22,3,No,Yes,114,24,58251,No,0.1842105263
29,37,High School,Construction,Manchester,Software Developer,33,9,Yes,Yes,172,12,49964,No,0.3662790698
30,25,High School,Education,Leeds,Customer Support,21,3,Yes,Yes,74,7,42872,Yes,0.2837837838
31,36,Bachelor’s,Retail,Glasgow,Electrician,22,6,No,Yes,174,19,20512,No,0.2413793103
32,27,PhD,Retail,Manchester,Customer Support,30,6,No,Yes,46,11,38465,Yes,0.9130434783
33,42,High School,Construction,Manchester,Nurse,32,4,No,No,,30,,Yes,
34,26,Bachelor’s,Finance,London,Customer Support,21,3,Yes,Yes,74,8,48956,No,0.2837837838
35,21,High School,Construction,Birmingham,Nurse,24,4,Yes,Yes,148,7,48166,Yes,0.1891891892
36,23,Bachelor’s,Tech,Manchester,Software Developer,35,5,No,Yes,97,27,56692,No,0.3608247423
37,30,PhD,Retail,Birmingham,Electrician,25,5,No,No,,3,,Yes,
38,42,Master’s,Healthcare,Bristol,Electrician,38,7,No,Yes,47,28,27084,No,1.042553191
39,23,Master’s,Retail,Birmingham,Electrician,25,5,No,Yes,65,10,21550,Yes,0.5384615385
40,46,Bachelor’s,Tech,Manchester,Cashier,14,7,No,Yes,144,13,21808,Yes,0.3402777778
41,37,High School,Finance,London,Customer Support,33,6,No,Yes,87,16,59728,Yes,0.4827586207
42,45,Master’s,Retail,Manchester,Customer Support,28,3,No,Yes,144,24,63950,Yes,0.1458333333
43,44,Bachelor’s,Construction,Manchester,Nurse,21,7,Yes,No,,26,,No,
44,53,Bachelor’s,Healthcare,Manchester,Accountant,27,2,No,Yes,56,16,63576,No,0.25
45,32,Bachelor’s,Finance,Glasgow,Nurse,17,1,No,Yes,60,16,58009,No,0.1166666667
46,50,Bachelor’s,Construction,Birmingham,Nurse,28,4,No,No,,28,,Yes,
47,26,High School,Construction,Bristol,Nurse,25,2,Yes,No,,27,,Yes,
48,40,High School,Retail,Birmingham,Customer Support,28,6,Yes,No,,22,,Yes,
49,50,Bachelor’s,Construction,Leeds,Software Developer,35,5,No,Yes,109,10,29671,Yes,0.3211009174
50,27,Master’s,Retail,Birmingham,Electrician,21,3,No,Yes,19,20,36331,Yes,1.105263158
51,50,High School,Healthcare,Bristol,Nurse,30,2,No,Yes,120,22,53081,No,0.1166666667
52,49,Master’s,Construction,Glasgow,Accountant,33,6,Yes,Yes,170,11,54163,No,0.2470588235
53,36,High School,Tech,Bristol,Cashier,22,5,Yes,Yes,145,5,29068,Yes,0.2413793103
54,35,Bachelor’s,Retail,Bristol,Software Developer,32,6,Yes,Yes,145,17,47248,Yes,0.2896551724
55,34,Master’s,Healthcare,Leeds,Teacher,27,5,Yes,No,,21,,No,
56,51,High School,Finance,Manchester,Electrician,26,3,Yes,No,,29,,No,
57,55,Master’s,Education,Leeds,Software Developer,27,3,No,Yes,131,3,45484,No,0.1603053435
58,46,Master’s,Healthcare,Birmingham,Nurse,22,5,No,No,,21,,Yes,
59,26,Bachelor’s,Retail,Glasgow,Software Developer,27,7,Yes,Yes,61,17,41420,No,0.8032786885
60,45,High School,Healthcare,Manchester,Electrician,17,7,Yes,Yes,145,4,42935,Yes,0.3379310345
61,25,Master’s,Construction,London,Electrician,21,4,Yes,Yes,12,22,29986,Yes,2.333333333
62,29,Bachelor’s,Tech,Leeds,Software Developer,32,7,No,Yes,101,8,59707,Yes,0.4851485149
63,31,PhD,Tech,Leeds,Customer Support,30,5,No,Yes,103,15,32997,Yes,0.3398058252
64,36,High School,Finance,Bristol,Nurse,20,9,No,No,,21,,Yes,
65,43,Bachelor’s,Construction,Manchester,Customer Support,22,2,No,Yes,114,29,52125,Yes,0.1228070175
66,48,PhD,Construction,Glasgow,Teacher,33,7,Yes,Yes,140,23,37700,No,0.35
67,50,Bachelor’s,Construction,Leeds,Cashier,24,3,Yes,Yes,29,11,49543,Yes,0.724137931
68,50,Bachelor’s,Construction,Glasgow,Cashier,31,3,Yes,No,,8,,No,
69,34,Bachelor’s,Finance,Manchester,Cashier,19,4,No,Yes,77,20,20665,Yes,0.3636363636
70,26,High School,Healthcare,Glasgow,Nurse,26,5,No,Yes,172,25,52166,No,0.2034883721
71,22,High School,Retail,Glasgow,Teacher,19,4,Yes,Yes,101,18,56272,No,0.2772277228
72,48,PhD,Education,Manchester,Cashier,28,6,No,Yes,71,10,27907,Yes,0.5915492958
73,41,High School,Education,Bristol,Software Developer,23,5,Yes,Yes,77,26,58639,No,0.4545454545
74,27,Master’s,Finance,Birmingham,Cashier,25,6,Yes,Yes,143,7,37977,Yes,0.2937062937
75,24,Bachelor’s,Construction,Birmingham,Teacher,30,7,No,Yes,10,21,38634,No,4.9
76,51,Bachelor’s,Retail,London,Cashier,32,7,No,Yes,23,15,52227,Yes,2.130434783
77,24,High School,Education,Manchester,Customer Support,23,3,No,Yes,113,22,59067,Yes,0.185840708
78,54,Bachelor’s,Healthcare,Manchester,Electrician,24,4,No,Yes,152,22,23947,Yes,0.1842105263
79,34,Bachelor’s,Finance,Bristol,Customer Support,22,3,Yes,Yes,26,8,20175,No,0.8076923077
80,49,Bachelor’s,Healthcare,Manchester,Customer Support,18,5,Yes,Yes,123,5,35297,No,0.2845528455
81,33,Bachelor’s,Education,Birmingham,Teacher,29,4,Yes,Yes,43,5,23908,Yes,0.6511627907
82,40,Bachelor’s,Education,Manchester,Accountant,14,3,Yes,Yes,110,11,52798,No,0.1909090909
83,49,High School,Tech,Glasgow,Teacher,26,1,Yes,Yes,30,10,64190,Yes,0.2333333333
84,38,Bachelor’s,Retail,Glasgow,Nurse,30,6,No,No,,8,,No,
85,52,PhD,Healthcare,Manchester,Accountant,24,5,Yes,Yes,48,13,46977,No,0.7291666667
86,39,Bachelor’s,Healthcare,Leeds,Customer Support,24,6,No,Yes,89,6,46488,Yes,0.4719101124
87,55,Bachelor’s,Tech,Birmingham,Nurse,19,7,Yes,No,,23,,No,
88,24,High School,Education,Birmingham,Cashier,27,6,No,Yes,38,3,61289,Yes,1.105263158
89,31,Bachelor’s,Tech,Leeds,Accountant,26,2,Yes,No,,6,,No,
90,28,Bachelor’s,Retail,Glasgow,Teacher,23,3,Yes,Yes,113,29,51621,No,0.185840708
91,36,Bachelor’s,Retail,Glasgow,Software Developer,13,3,No,Yes,41,30,24575,No,0.512195122
92,47,Bachelor’s,Education,Manchester,Electrician,25,6,Yes,Yes,157,21,63249,No,0.2675159236
93,30,Bachelor’s,Healthcare,Manchester,Cashier,25,4,No,Yes,123,13,32363,Yes,0.2276422764
94,45,High School,Healthcare,London,Cashier,23,2,No,Yes,104,15,63495,Yes,0.1346153846
95,52,PhD,Retail,Leeds,Nurse,27,8,Yes,Yes,119,6,54468,No,0.4705882353
96,21,Master’s,Healthcare,Bristol,Software Developer,25,2,Yes,No,,11,,No,
97,46,Bachelor’s,Finance,Bristol,Electrician,27,5,No,No,,23,,No,
98,55,High School,Tech,Birmingham,Teacher,35,5,No,Yes,65,26,25923,No,0.5384615385
99,27,Master’s,Construction,London,Accountant,23,8,Yes,Yes,14,4,41258,Yes,4
100,39,Bachelor’s,Healthcare,Birmingham,Software Developer,35,3,No,Yes,53,8,31473,Yes,0.3962264151
101,45,Bachelor’s,Retail,Glasgow,Nurse,20,4,Yes,Yes,72,17,36733,Yes,0.3888888889
102,50,PhD,Construction,Leeds,Software Developer,16,1,Yes,No,,21,,No,
103,48,Bachelor’s,Healthcare,Manchester,Software Developer,31,5,No,No,,6,,Yes,
104,45,Bachelor’s,Education,Manchester,Teacher,18,5,Yes,No,,24,,No,
105,38,High School,Construction,Bristol,Customer Support,27,7,No,Yes,80,27,35081,No,0.6125
106,35,Bachelor’s,Education,Manchester,Teacher,22,5,No,No,,24,,Yes,
107,27,PhD,Construction,London,Cashier,23,5,No,Yes,100,26,28612,Yes,0.35
108,39,Bachelor’s,Healthcare,Birmingham,Software Developer,31,5,Yes,Yes,100,19,52885,No,0.35
109,31,High School,Healthcare,Manchester,Teacher,29,8,No,No,,17,,Yes,
110,30,Master’s,Retail,Bristol,Teacher,22,4,No,Yes,149,14,25918,No,0.1879194631
111,21,High School,Tech,Glasgow,Cashier,23,5,No,Yes,156,15,61847,No,0.2243589744
112,27,Bachelor’s,Healthcare,London,Nurse,36,6,No,Yes,163,10,62444,Yes,0.2576687117
113,50,PhD,Finance,Bristol,Accountant,27,3,Yes,Yes,16,12,52284,Yes,1.3125
114,27,High School,Education,Birmingham,Accountant,28,3,No,Yes,145,16,58491,Yes,0.1448275862
115,47,Bachelor’s,Healthcare,Leeds,Accountant,17,3,No,Yes,101,9,49057,No,0.2079207921
116,36,Master’s,Tech,Bristol,Cashier,24,3,No,No,,14,,Yes,
117,46,High School,Tech,Glasgow,Customer Support,23,5,No,Yes,159,3,23314,No,0.2201257862
118,36,PhD,Education,Birmingham,Customer Support,27,4,No,Yes,157,9,35269,No,0.178343949
119,30,Master’s,Education,London,Cashier,17,2,No,Yes,40,20,36426,Yes,0.35
120,28,Bachelor’s,Tech,Birmingham,Customer Support,23,5,Yes,No,,21,,No,
121,22,High School,Tech,Birmingham,Teacher,23,5,No,Yes,23,18,49378,No,1.52173913
122,53,Bachelor’s,Healthcare,Leeds,Software Developer,24,7,No,Yes,175,19,39767,No,0.28
123,22,High School,Healthcare,Glasgow,Accountant,18,3,No,Yes,120,5,25294,No,0.175
124,30,High School,Finance,Leeds,Teacher,15,2,No,Yes,104,22,54770,No,0.1346153846
125,50,Bachelor’s,Healthcare,London,Electrician,18,4,No,No,,23,,Yes,
126,48,Bachelor’s,Retail,Glasgow,Cashier,38,10,No,Yes,31,13,47968,No,2.258064516
127,37,Bachelor’s,Retail,Bristol,Accountant,22,4,Yes,No,,5,,No,
128,27,Master’s,Finance,Birmingham,Nurse,16,3,Yes,No,,20,,No,
129,28,Bachelor’s,Construction,Glasgow,Electrician,27,9,No,Yes,80,22,40476,No,0.7875
130,27,Bachelor’s,Retail,Birmingham,Teacher,26,3,No,No,,14,,No,
131,28,Master’s,Education,Birmingham,Electrician,13,6,No,Yes,166,22,64235,Yes,0.2530120482
132,38,High School,Finance,Bristol,Electrician,21,2,Yes,Yes,8,8,29388,No,1.75
133,25,High School,Construction,London,Customer Support,24,3,No,Yes,114,17,42340,Yes,0.1842105263
134,44,Bachelor’s,Finance,Leeds,Nurse,28,5,Yes,Yes,47,27,60490,Yes,0.7446808511
135,26,High School,Construction,Glasgow,Accountant,22,2,No,Yes,62,27,53577,Yes,0.2258064516
136,43,Bachelor’s,Finance,Bristol,Teacher,33,7,No,Yes,85,4,34451,No,0.5764705882
137,24,High School,Finance,Birmingham,Electrician,36,4,Yes,Yes,90,6,20506,No,0.3111111111
138,48,High School,Healthcare,Leeds,Teacher,34,10,Yes,Yes,178,28,43210,Yes,0.393258427
139,46,Master’s,Tech,Glasgow,Customer Support,13,4,No,Yes,87,21,48133,No,0.3218390805
140,47,High School,Healthcare,London,Cashier,26,4,Yes,No,,17,,No,
141,26,Bachelor’s,Tech,Birmingham,Accountant,31,3,No,Yes,108,30,40334,No,0.1944444444
142,35,Bachelor’s,Retail,London,Nurse,31,5,No,Yes,56,27,42896,No,0.625
143,30,High School,Retail,Manchester,Software Developer,24,5,Yes,Yes,174,5,31609,No,0.2011494253
144,50,Master’s,Education,Glasgow,Teacher,21,5,No,Yes,169,22,41181,No,0.2071005917
145,30,Bachelor’s,Healthcare,Glasgow,Teacher,27,6,Yes,Yes,21,14,53248,Yes,2
146,40,Bachelor’s,Tech,London,Cashier,25,3,No,Yes,30,22,58933,No,0.7
147,50,Bachelor’s,Construction,London,Accountant,25,9,No,Yes,55,13,59649,No,1.145454545
148,53,High School,Tech,Glasgow,Customer Support,32,9,No,No,,25,,Yes,
149,53,Bachelor’s,Tech,Birmingham,Teacher,18,4,No,Yes,140,22,30403,No,0.2
150,44,PhD,Healthcare,Glasgow,Electrician,28,8,Yes,Yes,168,23,41931,Yes,0.3333333333
151,42,High School,Construction,Glasgow,Cashier,19,5,Yes,No,,22,,Yes,
152,42,High School,Construction,Birmingham,Cashier,23,1,Yes,Yes,176,15,28450,Yes,0.03977272727
153,40,Bachelor’s,Construction,Manchester,Electrician,33,9,Yes,Yes,141,5,62337,No,0.4468085106
154,53,Bachelor’s,Finance,Manchester,Software Developer,23,4,No,Yes,131,9,34846,Yes,0.213740458
155,30,High School,Tech,Leeds,Electrician,25,5,No,Yes,141,4,63380,No,0.2482269504
156,29,Bachelor’s,Retail,Birmingham,Software Developer,25,4,No,No,,28,,Yes,
157,49,High School,Finance,Bristol,Teacher,27,6,Yes,Yes,79,27,49420,Yes,0.5316455696
158,55,High School,Healthcare,Birmingham,Cashier,20,2,No,Yes,119,17,38466,No,0.1176470588
159,53,Bachelor’s,Retail,Birmingham,Electrician,32,4,No,No,,4,,No,
160,44,Bachelor’s,Tech,Bristol,Electrician,20,5,No,Yes,28,27,30506,No,1.25
161,49,PhD,Retail,Glasgow,Customer Support,19,3,No,Yes,122,14,21747,No,0.1721311475
162,24,Bachelor’s,Finance,Birmingham,Accountant,20,1,No,Yes,14,13,26493,No,0.5
163,30,High School,Finance,Glasgow,Teacher,25,3,No,No,,18,,No,
164,21,PhD,Tech,Manchester,Software Developer,15,3,No,Yes,162,19,47738,Yes,0.1296296296
165,39,High School,Tech,London,Software Developer,30,4,No,No,,17,,Yes,
166,28,Master’s,Healthcare,Leeds,Nurse,23,3,Yes,Yes,68,25,29409,No,0.3088235294
167,48,High School,Finance,Birmingham,Nurse,27,8,No,Yes,28,19,43632,Yes,2
168,54,Bachelor’s,Education,Leeds,Customer Support,12,1,Yes,Yes,169,15,44464,No,0.04142011834
169,22,Bachelor’s,Tech,Manchester,Software Developer,25,4,No,Yes,155,26,41791,Yes,0.1806451613
170,23,Bachelor’s,Finance,Bristol,Software Developer,25,3,No,Yes,129,23,31945,Yes,0.1627906977
171,25,Master’s,Healthcare,London,Cashier,21,2,Yes,No,,4,,No,
172,40,Bachelor’s,Education,Glasgow,Cashier,26,3,Yes,Yes,80,14,23132,No,0.2625
173,38,High School,Finance,Glasgow,Accountant,30,6,No,No,,15,,No,
174,32,Bachelor’s,Healthcare,Manchester,Electrician,26,3,No,No,,26,,No,
175,26,Bachelor’s,Retail,Leeds,Cashier,24,3,Yes,Yes,176,12,40086,No,0.1193181818
176,48,High School,Healthcare,Manchester,Accountant,27,2,Yes,No,,14,,No,
177,38,Bachelor’s,Tech,London,Teacher,27,4,No,Yes,180,8,22040,Yes,0.1555555556
178,49,High School,Tech,Birmingham,Electrician,20,3,No,Yes,152,4,59655,Yes,0.1381578947
179,49,PhD,Finance,Glasgow,Electrician,16,3,Yes,Yes,100,15,40603,No,0.21
180,36,PhD,Tech,Bristol,Software Developer,18,3,No,Yes,150,6,37155,No,0.14
181,49,High School,Education,Manchester,Teacher,30,7,No,Yes,38,7,24853,No,1.289473684
182,32,Master’s,Healthcare,London,Electrician,34,4,No,No,,13,,No,
183,25,Bachelor’s,Finance,Manchester,Electrician,26,3,Yes,Yes,170,8,43690,Yes,0.1235294118
184,28,PhD,Retail,Birmingham,Electrician,22,5,No,Yes,153,14,50631,Yes,0.2287581699
185,26,High School,Healthcare,Bristol,Teacher,25,5,No,Yes,111,29,57676,Yes,0.3153153153
186,29,PhD,Construction,London,Accountant,22,2,No,Yes,39,29,56130,Yes,0.358974359
187,29,Bachelor’s,Tech,London,Nurse,19,2,Yes,Yes,89,25,34776,No,0.1573033708
188,54,Master’s,Tech,Manchester,Software Developer,22,4,No,Yes,39,23,39845,Yes,0.7179487179
189,53,Bachelor’s,Education,Leeds,Software Developer,22,6,Yes,Yes,161,13,56937,Yes,0.2608695652
190,22,High School,Construction,Leeds,Cashier,29,3,No,No,,16,,Yes,
191,52,Master’s,Education,Manchester,Teacher,25,6,No,Yes,110,12,49723,Yes,0.3818181818
192,24,High School,Healthcare,Glasgow,Accountant,18,3,Yes,Yes,87,30,40926,No,0.2413793103
193,46,High School,Finance,Leeds,Nurse,35,7,Yes,Yes,38,11,49464,Yes,1.289473684
194,30,High School,Finance,Glasgow,Electrician,26,4,No,Yes,47,29,41458,No,0.5957446809
195,33,Master’s,Healthcare,Leeds,Accountant,19,2,No,Yes,12,5,45771,No,1.166666667
196,36,High School,Finance,London,Customer Support,27,4,Yes,Yes,174,24,50840,No,0.1609195402
197,55,High School,Tech,Glasgow,Software Developer,23,7,No,Yes,110,14,22965,No,0.4454545455
198,24,Bachelor’s,Retail,Manchester,Nurse,24,3,Yes,Yes,122,27,56035,No,0.1721311475
199,28,High School,Tech,Glasgow,Cashier,24,4,No,Yes,100,27,29454,Yes,0.28
200,53,Bachelor’s,Tech,London,Customer Support,21,7,Yes,Yes,128,19,49949,Yes,0.3828125
201,53,High School,Education,Manchester,Software Developer,23,5,Yes,Yes,83,21,42044,No,0.421686747
202,40,Bachelor’s,Tech,Manchester,Cashier,27,6,No,No,,21,,No,
203,22,Bachelor’s,Finance,Bristol,Electrician,19,5,No,Yes,65,26,23365,No,0.5384615385
204,31,Bachelor’s,Construction,Leeds,Electrician,32,10,No,Yes,69,4,57523,Yes,1.014492754
205,33,High School,Finance,Glasgow,Software Developer,19,5,No,Yes,135,27,60073,No,0.2592592593
206,24,Master’s,Education,Birmingham,Nurse,23,2,Yes,Yes,141,15,40562,Yes,0.09929078014
207,50,PhD,Finance,Leeds,Cashier,18,3,No,No,,24,,No,
208,51,High School,Retail,Manchester,Nurse,30,4,Yes,No,,12,,No,
209,34,Bachelor’s,Healthcare,Manchester,Accountant,21,5,Yes,No,,28,,No,
210,39,High School,Construction,Leeds,Accountant,28,8,No,Yes,95,27,29599,No,0.5894736842
211,23,High School,Construction,London,Cashier,21,0,No,Yes,129,,34023,Yes,0
212,55,High School,Education,Bristol,Cashier,24,7,Yes,Yes,157,10,35889,Yes,0.3121019108
213,54,High School,Retail,London,Customer Support,19,8,No,Yes,32,24,29009,Yes,1.75
214,31,Bachelor’s,Healthcare,Glasgow,Teacher,34,7,Yes,No,,13,,No,
215,24,PhD,Tech,Bristol,Nurse,28,9,Yes,Yes,16,8,47386,Yes,3.9375
216,23,PhD,Healthcare,Glasgow,Software Developer,24,7,No,No,,12,,Yes,
217,21,High School,Education,London,Cashier,24,4,Yes,No,,20,,No,
218,29,Master’s,Healthcare,Manchester,Software Developer,26,7,No,Yes,124,23,36860,Yes,0.3951612903
219,21,Master’s,Finance,Leeds,Teacher,14,0,No,Yes,170,,46574,No,0
220,53,Bachelor’s,Healthcare,Bristol,Customer Support,25,1,Yes,Yes,89,10,20447,No,0.07865168539
221,45,High School,Finance,Manchester,Cashier,23,3,No,Yes,73,23,43563,Yes,0.2876712329
222,24,Bachelor’s,Healthcare,Manchester,Software Developer,21,7,No,Yes,86,25,27694,No,0.5697674419
223,44,Bachelor’s,Retail,Birmingham,Accountant,19,0,Yes,Yes,162,,44485,No,0
224,51,Master’s,Construction,Birmingham,Electrician,33,6,Yes,No,,30,,Yes,
225,54,Bachelor’s,Construction,Manchester,Customer Support,26,4,No,Yes,147,19,33248,Yes,0.1904761905
226,31,Bachelor’s,Education,Glasgow,Customer Support,25,2,No,Yes,132,5,53447,No,0.1060606061
227,24,Bachelor’s,Education,Glasgow,Accountant,20,3,No,Yes,179,28,40196,Yes,0.1173184358
228,46,High School,Tech,Bristol,Software Developer,26,4,No,Yes,95,25,24178,Yes,0.2947368421
229,25,PhD,Healthcare,London,Cashier,29,0,No,No,,,,No,
230,44,PhD,Healthcare,Glasgow,Electrician,23,6,No,Yes,27,24,63371,Yes,1.555555556
231,43,High School,Education,Glasgow,Nurse,19,0,Yes,No,,,,Yes,
232,22,PhD,Healthcare,Bristol,Teacher,27,3,No,Yes,65,10,50187,No,0.3230769231
233,30,High School,Construction,London,Customer Support,28,7,No,Yes,11,10,33505,Yes,4.454545455
234,27,Bachelor’s,Healthcare,Leeds,Teacher,30,3,No,Yes,18,15,48767,Yes,1.166666667
235,55,High School,Tech,Birmingham,Nurse,27,4,No,Yes,154,13,57845,No,0.1818181818
236,36,Bachelor’s,Retail,Bristol,Nurse,28,4,Yes,Yes,22,20,58775,Yes,1.272727273
237,48,Bachelor’s,Tech,Manchester,Teacher,30,3,No,No,,13,,No,
238,47,High School,Healthcare,Birmingham,Electrician,22,5,No,Yes,64,12,29460,No,0.546875
239,24,Bachelor’s,Healthcare,Leeds,Nurse,20,4,Yes,Yes,59,13,62382,Yes,0.4745762712
240,49,Master’s,Tech,Leeds,Teacher,24,2,No,Yes,103,24,59647,Yes,0.1359223301
241,25,High School,Education,Bristol,Teacher,30,4,No,Yes,92,12,21004,Yes,0.3043478261
242,33,PhD,Tech,Bristol,Electrician,26,2,No,Yes,161,25,33402,No,0.08695652174
243,36,Bachelor’s,Finance,Glasgow,Accountant,27,1,No,Yes,73,14,53607,No,0.09589041096
244,50,High School,Construction,Glasgow,Electrician,22,7,No,No,,14,,No,
245,47,High School,Retail,Bristol,Software Developer,29,5,Yes,Yes,156,21,47366,No,0.2243589744
246,30,High School,Retail,Glasgow,Nurse,32,8,No,Yes,174,24,42122,No,0.3218390805
247,52,PhD,Construction,Bristol,Accountant,24,5,No,Yes,97,8,29172,No,0.3608247423
248,32,PhD,Education,Bristol,Customer Support,27,1,No,No,,5,,Yes,
249,21,Bachelor’s,Construction,Birmingham,Customer Support,19,3,No,Yes,136,17,44458,Yes,0.1544117647
250,51,Bachelor’s,Tech,London,Nurse,19,4,No,Yes,142,26,38005,No,0.1971830986
251,22,Bachelor’s,Construction,Bristol,Accountant,18,4,No,No,,6,,Yes,
252,54,High School,Retail,Leeds,Nurse,27,1,Yes,Yes,108,5,44448,No,0.06481481481
253,50,Bachelor’s,Construction,Birmingham,Cashier,20,4,No,No,,23,,Yes,
254,26,Bachelor’s,Healthcare,Leeds,Accountant,26,7,Yes,Yes,50,5,52758,No,0.98
255,42,Bachelor’s,Tech,Leeds,Customer Support,24,3,Yes,No,,25,,No,
256,38,High School,Tech,Bristol,Cashier,19,3,No,Yes,15,8,40610,Yes,1.4
257,34,Bachelor’s,Construction,Glasgow,Customer Support,16,1,Yes,Yes,152,29,45503,No,0.04605263158
258,45,Master’s,Retail,Bristol,Teacher,22,1,Yes,Yes,95,4,26401,No,0.07368421053
259,35,Master’s,Finance,Leeds,Electrician,28,3,No,Yes,90,3,61557,No,0.2333333333
260,49,Bachelor’s,Finance,Leeds,Accountant,29,11,No,Yes,176,15,25616,No,0.4375
261,36,Master’s,Tech,Manchester,Software Developer,26,10,Yes,No,,7,,No,
262,41,Bachelor’s,Tech,London,Cashier,22,4,No,No,,6,,Yes,
263,26,High School,Healthcare,Leeds,Nurse,18,3,No,Yes,29,14,56321,Yes,0.724137931
264,41,Master’s,Tech,Manchester,Accountant,28,9,Yes,Yes,150,10,57483,Yes,0.42
265,45,High School,Finance,Manchester,Cashier,21,5,No,Yes,118,11,47597,No,0.2966101695
266,51,Master’s,Finance,Manchester,Software Developer,21,6,No,Yes,164,9,50006,Yes,0.256097561
267,29,Bachelor’s,Healthcare,Manchester,Electrician,23,4,No,No,,13,,No,
268,42,Bachelor’s,Construction,Leeds,Software Developer,20,5,Yes,Yes,58,18,40590,Yes,0.6034482759
269,46,PhD,Finance,Bristol,Teacher,30,7,No,No,,28,,Yes,
270,41,Bachelor’s,Healthcare,Manchester,Customer Support,21,5,No,Yes,146,8,64676,Yes,0.2397260274
271,50,PhD,Retail,Glasgow,Electrician,35,7,Yes,Yes,111,24,52722,Yes,0.4414414414
272,40,High School,Construction,Birmingham,Teacher,20,4,No,Yes,121,22,51407,No,0.2314049587
273,55,Bachelor’s,Construction,Glasgow,Nurse,33,4,Yes,No,,25,,Yes,
274,27,Master’s,Construction,Bristol,Cashier,35,9,Yes,Yes,151,23,64398,No,0.417218543
275,42,PhD,Healthcare,London,Customer Support,22,4,Yes,Yes,139,20,58044,Yes,0.2014388489
276,49,Bachelor’s,Healthcare,Bristol,Nurse,21,3,No,Yes,13,18,26851,No,1.615384615
277,47,PhD,Tech,London,Electrician,16,5,No,Yes,86,13,49840,Yes,0.4069767442
278,54,Bachelor’s,Healthcare,London,Accountant,15,1,No,Yes,24,12,22928,Yes,0.2916666667
279,22,Master’s,Construction,London,Teacher,26,7,No,No,,26,,Yes,
280,54,High School,Retail,Manchester,Nurse,32,3,No,Yes,110,23,32088,Yes,0.1909090909
281,48,Bachelor’s,Construction,Leeds,Software Developer,21,4,No,Yes,8,25,34076,Yes,3.5
282,38,Master’s,Tech,Leeds,Customer Support,35,9,No,Yes,100,13,32915,No,0.63
283,28,High School,Healthcare,Leeds,Teacher,29,10,Yes,Yes,107,21,27486,No,0.6542056075
284,43,Master’s,Education,Birmingham,Electrician,29,5,No,No,,22,,Yes,
285,29,Bachelor’s,Retail,Manchester,Customer Support,24,3,Yes,Yes,137,15,47409,Yes,0.1532846715
286,45,Bachelor’s,Healthcare,Bristol,Nurse,23,4,No,Yes,51,20,30935,No,0.5490196078
287,39,High School,Finance,Glasgow,Nurse,22,4,Yes,Yes,9,18,28947,Yes,3.111111111
288,45,PhD,Education,Bristol,Accountant,23,5,No,Yes,120,18,30961,Yes,0.2916666667
289,22,Master’s,Retail,Manchester,Customer Support,30,7,Yes,Yes,50,27,49971,No,0.98
290,53,High School,Tech,Manchester,Electrician,35,6,No,No,,20,,Yes,
291,49,Bachelor’s,Healthcare,London,Teacher,27,5,No,No,,12,,Yes,
292,49,High School,Tech,Glasgow,Electrician,27,6,No,No,,10,,Yes,
293,43,Master’s,Education,Bristol,Accountant,21,2,Yes,Yes,59,29,33562,Yes,0.2372881356
294,43,Bachelor’s,Education,Leeds,Software Developer,29,4,Yes,Yes,81,21,37520,Yes,0.3456790123
295,29,PhD,Healthcare,London,Cashier,23,2,No,Yes,40,10,29584,No,0.35
296,36,Master’s,Construction,Glasgow,Accountant,30,6,Yes,Yes,167,16,44587,No,0.251497006
297,25,Bachelor’s,Tech,Glasgow,Nurse,20,7,No,Yes,101,17,51984,No,0.4851485149
298,21,Master’s,Construction,London,Teacher,21,7,No,Yes,98,30,24150,No,0.5
299,34,PhD,Retail,Glasgow,Cashier,31,7,Yes,Yes,147,21,28558,No,0.3333333333
300,42,Master’s,Tech,London,Customer Support,17,7,No,No,,3,,Yes,
301,31,Bachelor’s,Tech,Glasgow,Software Developer,23,4,No,No,,23,,No,
302,31,Master’s,Finance,London,Teacher,16,6,Yes,Yes,177,23,30847,Yes,0.2372881356
303,46,Bachelor’s,Construction,Bristol,Electrician,28,5,Yes,Yes,31,3,33986,No,1.129032258
304,25,High School,Retail,Leeds,Teacher,25,7,No,Yes,94,29,27903,No,0.5212765957
305,29,Bachelor’s,Retail,Glasgow,Customer Support,30,7,No,Yes,87,14,39611,Yes,0.5632183908
306,45,Master’s,Retail,Bristol,Teacher,30,9,Yes,Yes,9,22,62599,Yes,7
307,49,Bachelor’s,Retail,Bristol,Teacher,28,7,Yes,Yes,120,30,34237,Yes,0.4083333333
308,27,High School,Tech,Leeds,Teacher,27,7,Yes,No,,13,,Yes,
309,36,High School,Tech,Birmingham,Nurse,32,6,No,Yes,79,27,21757,No,0.5316455696
310,34,Bachelor’s,Education,Birmingham,Teacher,22,4,Yes,Yes,68,18,45289,Yes,0.4117647059
311,36,Bachelor’s,Education,London,Nurse,19,3,No,Yes,99,13,28649,No,0.2121212121
312,47,Bachelor’s,Construction,Birmingham,Electrician,27,7,No,No,,5,,Yes,
313,25,High School,Retail,London,Customer Support,27,4,No,Yes,80,23,52836,No,0.35
314,48,Master’s,Tech,Bristol,Nurse,29,6,No,Yes,28,12,25178,Yes,1.5
315,30,Bachelor’s,Healthcare,Leeds,Teacher,38,8,No,Yes,171,5,40327,No,0.3274853801
316,36,High School,Tech,Glasgow,Customer Support,28,5,No,Yes,86,24,63126,Yes,0.4069767442
317,28,High School,Retail,Bristol,Customer Support,22,4,Yes,No,,19,,No,
318,31,Bachelor’s,Construction,Manchester,Teacher,23,3,No,No,,3,,No,
319,48,High School,Tech,Manchester,Teacher,29,8,No,Yes,134,17,53474,No,0.4179104478
320,24,Bachelor’s,Education,Birmingham,Cashier,28,5,Yes,No,,21,,Yes,
321,35,Master’s,Tech,London,Electrician,24,5,No,Yes,127,14,45098,Yes,0.2755905512
322,32,PhD,Tech,Leeds,Electrician,28,4,No,Yes,114,10,41089,Yes,0.2456140351
323,47,PhD,Finance,Manchester,Electrician,16,0,Yes,Yes,135,,64127,Yes,0
324,32,High School,Education,London,Accountant,36,8,Yes,Yes,79,27,40361,No,0.7088607595
325,26,Bachelor’s,Tech,Manchester,Software Developer,24,8,Yes,No,,26,,Yes,
326,50,Bachelor’s,Healthcare,Birmingham,Teacher,23,2,No,No,,10,,Yes,
327,21,PhD,Tech,Birmingham,Nurse,32,3,Yes,No,,3,,No,
328,21,Master’s,Healthcare,Bristol,Teacher,31,9,Yes,Yes,67,16,52245,Yes,0.9402985075
329,30,Master’s,Tech,London,Software Developer,39,8,No,Yes,102,17,25564,Yes,0.5490196078
330,53,High School,Healthcare,London,Nurse,29,6,No,Yes,40,10,39115,No,1.05
331,41,PhD,Healthcare,Bristol,Electrician,18,3,No,Yes,76,10,24894,Yes,0.2763157895
332,29,Master’s,Education,London,Software Developer,30,7,Yes,Yes,87,16,27912,No,0.5632183908
333,34,Bachelor’s,Healthcare,Manchester,Electrician,18,2,Yes,Yes,84,29,59538,Yes,0.1666666667
334,34,Master’s,Finance,Birmingham,Customer Support,20,7,No,No,,15,,Yes,
335,40,High School,Retail,London,Accountant,15,4,No,Yes,147,10,26207,No,0.1904761905
336,27,Master’s,Retail,London,Customer Support,22,3,Yes,No,,10,,Yes,
337,33,Master’s,Finance,Bristol,Teacher,23,1,No,Yes,157,11,24914,Yes,0.04458598726
338,25,High School,Construction,Glasgow,Electrician,29,7,Yes,No,,29,,No,
339,28,High School,Healthcare,London,Software Developer,25,4,No,Yes,108,18,21932,No,0.2592592593
340,48,High School,Retail,Birmingham,Cashier,27,3,Yes,No,,4,,Yes,
341,39,Bachelor’s,Education,Glasgow,Customer Support,26,5,Yes,Yes,114,9,62116,Yes,0.3070175439
342,55,Master’s,Healthcare,Bristol,Cashier,17,0,No,No,,,,No,
343,53,Bachelor’s,Finance,Birmingham,Customer Support,11,0,Yes,Yes,78,,23839,No,0
344,54,Bachelor’s,Education,Birmingham,Software Developer,26,4,Yes,Yes,75,20,23664,Yes,0.3733333333
345,45,Bachelor’s,Retail,Birmingham,Software Developer,30,8,No,No,,25,,No,
346,22,Master’s,Finance,Leeds,Nurse,14,4,Yes,No,,29,,No,
347,55,Bachelor’s,Healthcare,London,Customer Support,28,7,Yes,Yes,12,19,51325,Yes,4.083333333
348,42,PhD,Retail,Birmingham,Cashier,26,4,No,No,,30,,No,
349,24,High School,Education,Bristol,Software Developer,24,8,No,No,,30,,No,
350,25,Bachelor’s,Construction,Glasgow,Nurse,16,3,Yes,Yes,41,8,48630,No,0.512195122
351,41,High School,Education,Bristol,Nurse,21,3,No,Yes,157,29,31491,No,0.1337579618
352,40,Master’s,Finance,Birmingham,Software Developer,20,4,No,No,,21,,No,
353,23,High School,Finance,Leeds,Software Developer,27,8,No,Yes,134,7,41703,Yes,0.4179104478
354,36,Bachelor’s,Finance,Birmingham,Teacher,20,4,No,Yes,178,23,42003,No,0.1573033708
355,21,High School,Retail,Bristol,Customer Support,16,2,Yes,No,,26,,Yes,
356,24,Bachelor’s,Construction,Glasgow,Software Developer,31,2,No,Yes,103,14,55784,No,0.1359223301
357,27,Master’s,Education,Bristol,Electrician,29,3,No,Yes,25,28,22189,No,0.84
358,22,Bachelor’s,Tech,London,Cashier,31,3,Yes,Yes,26,20,26101,No,0.8076923077
359,51,Master’s,Healthcare,Bristol,Software Developer,24,6,No,Yes,20,6,41698,Yes,2.1
360,33,Bachelor’s,Education,Bristol,Teacher,33,6,No,Yes,83,10,26285,Yes,0.5060240964
361,46,Bachelor’s,Healthcare,Birmingham,Customer Support,21,7,Yes,Yes,82,29,63386,No,0.5975609756
362,33,High School,Retail,Birmingham,Teacher,29,8,Yes,Yes,36,12,46048,No,1.555555556
363,52,Master’s,Finance,London,Teacher,20,3,No,Yes,104,14,32227,No,0.2019230769
364,23,High School,Healthcare,Manchester,Software Developer,21,6,No,Yes,45,27,63743,Yes,0.9333333333
365,26,Bachelor’s,Education,Glasgow,Electrician,24,7,No,Yes,106,29,54247,No,0.4622641509
366,55,Bachelor’s,Healthcare,Leeds,Software Developer,19,0,No,Yes,15,,52905,Yes,0
367,28,PhD,Healthcare,Birmingham,Software Developer,40,5,No,No,,7,,Yes,
368,48,High School,Construction,Glasgow,Software Developer,29,8,No,Yes,159,11,40955,Yes,0.3522012579
369,26,Bachelor’s,Healthcare,Leeds,Cashier,21,4,No,Yes,10,28,60832,No,2.8
370,28,Bachelor’s,Retail,Leeds,Nurse,22,1,No,No,,6,,Yes,
371,27,Master’s,Education,Manchester,Accountant,24,7,Yes,Yes,153,22,51001,Yes,0.3202614379
372,32,High School,Retail,Leeds,Nurse,19,5,No,Yes,108,13,35569,Yes,0.3240740741
373,51,PhD,Finance,London,Cashier,27,6,No,Yes,78,29,52218,Yes,0.5384615385
374,35,High School,Construction,Glasgow,Electrician,26,6,No,Yes,113,22,62307,Yes,0.3716814159
375,33,Bachelor’s,Healthcare,Bristol,Accountant,20,3,No,No,,29,,Yes,
376,53,Master’s,Tech,Manchester,Teacher,25,4,No,Yes,141,21,21897,Yes,0.1985815603
377,33,Master’s,Retail,London,Software Developer,12,3,Yes,Yes,99,25,33048,No,0.2121212121
378,44,Master’s,Education,Glasgow,Teacher,22,4,No,Yes,68,14,52033,No,0.4117647059
379,32,PhD,Healthcare,Leeds,Nurse,13,4,Yes,Yes,73,26,25923,No,0.3835616438
380,22,Bachelor’s,Retail,Leeds,Electrician,24,5,No,No,,23,,Yes,
381,34,High School,Healthcare,Leeds,Customer Support,25,7,No,No,,24,,Yes,
382,51,PhD,Construction,Birmingham,Nurse,20,1,No,Yes,162,28,40018,No,0.04320987654
383,48,Master’s,Finance,Glasgow,Cashier,40,6,Yes,Yes,140,29,60868,No,0.3
384,27,High School,Construction,Manchester,Nurse,31,10,No,Yes,83,24,27084,No,0.843373494
385,25,Bachelor’s,Finance,Bristol,Cashier,28,5,No,Yes,173,12,32344,Yes,0.2023121387
386,54,Master’s,Tech,Leeds,Accountant,25,5,No,Yes,13,23,52595,No,2.692307692
387,37,PhD,Healthcare,Glasgow,Teacher,32,8,Yes,Yes,153,29,32446,No,0.3660130719
388,35,Bachelor’s,Construction,Glasgow,Teacher,20,6,Yes,Yes,50,29,63097,Yes,0.84
389,39,High School,Retail,Bristol,Cashier,23,5,No,Yes,53,24,41996,Yes,0.6603773585
390,35,Bachelor’s,Construction,Manchester,Accountant,26,3,No,Yes,73,21,39270,No,0.2876712329
391,28,Bachelor’s,Construction,Leeds,Nurse,32,8,No,Yes,56,19,27852,No,1
392,54,High School,Tech,Birmingham,Software Developer,30,3,No,Yes,152,17,29386,No,0.1381578947
393,32,Master’s,Healthcare,Manchester,Teacher,30,5,No,Yes,21,3,49625,No,1.666666667
394,34,Master’s,Retail,Leeds,Electrician,26,5,Yes,No,,27,,Yes,
395,29,Bachelor’s,Construction,Glasgow,Accountant,22,7,No,Yes,8,4,54981,Yes,6.125
396,44,PhD,Finance,Leeds,Software Developer,23,2,Yes,Yes,70,10,42567,No,0.2
397,29,High School,Education,Leeds,Cashier,21,7,Yes,No,,12,,No,
398,50,Master’s,Education,Leeds,Cashier,27,7,No,Yes,41,13,52124,No,1.195121951
399,33,High School,Healthcare,London,Software Developer,23,0,Yes,No,,,,Yes,
400,22,Bachelor’s,Retail,London,Cashier,23,9,No,No,,15,,No,
401,55,Bachelor’s,Education,London,Teacher,26,7,Yes,No,,4,,Yes,
402,47,Bachelor’s,Tech,Leeds,Cashier,30,7,No,Yes,168,3,39733,No,0.2916666667
403,27,Bachelor’s,Finance,Leeds,Nurse,37,8,No,Yes,33,19,60481,Yes,1.696969697
404,39,High School,Tech,Glasgow,Software Developer,23,5,No,No,,29,,Yes,
405,43,Master’s,Finance,Birmingham,Customer Support,25,3,No,No,,25,,No,
406,42,High School,Tech,Bristol,Customer Support,30,3,No,No,,24,,No,
407,30,PhD,Education,London,Teacher,22,2,No,No,,23,,Yes,
408,50,PhD,Finance,Manchester,Accountant,24,6,Yes,No,,30,,Yes,
409,39,Bachelor’s,Construction,Manchester,Accountant,20,4,No,Yes,18,3,29069,Yes,1.555555556
410,42,Bachelor’s,Healthcare,Leeds,Cashier,28,2,No,Yes,94,8,27460,No,0.1489361702
411,46,PhD,Finance,Glasgow,Teacher,26,5,No,No,,23,,Yes,
412,28,High School,Construction,London,Electrician,30,7,Yes,Yes,158,18,57286,No,0.3101265823
413,32,Bachelor’s,Finance,Leeds,Customer Support,36,7,No,No,,26,,Yes,
414,51,PhD,Tech,Glasgow,Accountant,21,4,Yes,Yes,87,3,64428,Yes,0.3218390805
415,42,Bachelor’s,Construction,Bristol,Nurse,27,2,Yes,Yes,70,18,42659,No,0.2
416,30,Master’s,Education,Leeds,Customer Support,29,4,Yes,No,,19,,No,
417,52,Master’s,Tech,Glasgow,Cashier,30,4,Yes,No,,4,,Yes,
418,45,Bachelor’s,Retail,London,Accountant,27,5,No,Yes,29,30,52666,No,1.206896552
419,41,High School,Healthcare,Bristol,Teacher,26,6,Yes,Yes,16,20,55985,Yes,2.625
420,26,Master’s,Education,Bristol,Cashier,20,4,No,Yes,174,24,49898,No,0.1609195402
421,44,Master’s,Retail,Glasgow,Cashier,27,4,No,Yes,128,25,63068,No,0.21875
422,49,High School,Construction,Birmingham,Customer Support,26,2,Yes,No,,28,,No,
423,54,Bachelor’s,Tech,London,Software Developer,28,8,No,No,,26,,No,
424,27,High School,Retail,Birmingham,Customer Support,18,2,No,Yes,124,29,32489,No,0.1129032258
425,27,Master’s,Tech,Bristol,Electrician,28,4,No,Yes,122,17,63152,Yes,0.2295081967
426,52,High School,Construction,London,Nurse,17,2,No,No,,18,,Yes,
427,32,Master’s,Retail,London,Accountant,20,2,No,Yes,89,19,45209,No,0.1573033708
428,36,High School,Finance,Manchester,Accountant,16,0,No,Yes,161,,53573,No,0
429,41,Master’s,Education,Bristol,Software Developer,21,4,Yes,Yes,81,24,42629,Yes,0.3456790123
430,32,Bachelor’s,Construction,Bristol,Cashier,25,6,No,No,,20,,No,
431,47,Bachelor’s,Education,Manchester,Electrician,22,7,No,Yes,34,3,44960,Yes,1.441176471
432,24,Bachelor’s,Retail,Manchester,Electrician,24,5,No,No,,24,,No,
433,30,Master’s,Construction,Manchester,Software Developer,19,4,No,Yes,122,6,60377,Yes,0.2295081967
434,45,High School,Construction,Manchester,Teacher,17,0,No,No,,,,No,
435,47,PhD,Construction,Manchester,Nurse,29,7,Yes,Yes,58,22,49036,Yes,0.8448275862
436,44,Master’s,Education,Bristol,Nurse,34,8,Yes,Yes,56,12,49413,Yes,1
437,25,High School,Retail,Bristol,Nurse,23,7,Yes,Yes,78,20,37317,Yes,0.6282051282
438,31,Bachelor’s,Finance,London,Cashier,25,5,No,No,,4,,Yes,
439,41,Bachelor’s,Construction,Leeds,Electrician,17,3,No,Yes,153,20,43467,Yes,0.137254902
440,41,Bachelor’s,Retail,Leeds,Customer Support,29,5,No,Yes,146,20,46438,Yes,0.2397260274
441,43,High School,Retail,Bristol,Cashier,21,0,Yes,Yes,165,,54766,No,0
442,21,High School,Finance,Glasgow,Software Developer,23,5,No,Yes,166,10,22613,No,0.2108433735
443,45,PhD,Tech,Glasgow,Cashier,26,5,No,Yes,139,29,44573,No,0.2517985612
444,52,High School,Construction,Birmingham,Cashier,18,5,No,No,,8,,Yes,
445,25,High School,Construction,Birmingham,Electrician,23,5,No,No,,9,,No,
446,25,Master’s,Retail,London,Accountant,30,6,No,Yes,25,4,31664,No,1.68
447,25,Bachelor’s,Retail,Manchester,Accountant,16,4,Yes,Yes,117,13,21106,No,0.2393162393
448,28,Bachelor’s,Construction,Bristol,Nurse,23,2,Yes,Yes,18,25,24757,No,0.7777777778
449,53,High School,Construction,Manchester,Nurse,27,5,Yes,No,,17,,No,
450,46,Master’s,Tech,Glasgow,Software Developer,27,7,No,Yes,107,28,55764,No,0.4579439252
451,30,High School,Construction,Bristol,Cashier,19,1,No,Yes,149,7,28076,Yes,0.04697986577
452,21,Bachelor’s,Healthcare,Leeds,Nurse,23,3,No,Yes,95,9,47043,Yes,0.2210526316
453,31,High School,Education,Manchester,Software Developer,38,7,Yes,Yes,152,30,23564,No,0.3223684211
454,25,High School,Tech,Manchester,Customer Support,22,5,Yes,Yes,91,14,28402,Yes,0.3846153846
455,27,High School,Tech,Birmingham,Cashier,24,2,No,Yes,175,12,58284,Yes,0.08
456,44,Master’s,Healthcare,Birmingham,Customer Support,27,6,Yes,No,,25,,No,
457,38,Master’s,Retail,Bristol,Teacher,19,3,Yes,Yes,121,14,40019,No,0.173553719
458,27,High School,Education,London,Electrician,15,5,Yes,No,,20,,Yes,
459,37,Master’s,Construction,London,Teacher,19,2,Yes,Yes,136,23,22044,No,0.1029411765
460,34,PhD,Education,Manchester,Nurse,28,4,No,Yes,174,27,29740,No,0.1609195402
461,46,High School,Education,Bristol,Electrician,30,7,Yes,Yes,137,5,46003,No,0.3576642336
462,53,High School,Retail,Leeds,Teacher,25,2,Yes,Yes,121,8,31740,Yes,0.1157024793
463,51,PhD,Tech,Birmingham,Electrician,24,2,No,Yes,101,10,22805,Yes,0.1386138614
464,54,PhD,Finance,Glasgow,Accountant,30,2,No,No,,4,,No,
465,27,Master’s,Education,Bristol,Electrician,29,4,Yes,Yes,155,20,57366,Yes,0.1806451613
466,45,Bachelor’s,Finance,Leeds,Teacher,29,0,No,Yes,71,,44663,Yes,0
467,54,Bachelor’s,Finance,Glasgow,Electrician,25,4,No,Yes,135,7,48829,Yes,0.2074074074
468,35,High School,Construction,Manchester,Software Developer,18,4,Yes,Yes,161,25,27754,Yes,0.1739130435
469,47,Master’s,Construction,London,Accountant,24,4,No,Yes,158,8,62418,No,0.1772151899
470,22,High School,Retail,Leeds,Nurse,19,1,Yes,Yes,17,21,29624,Yes,0.4117647059
471,31,High School,Retail,Leeds,Accountant,29,3,No,Yes,11,26,63368,No,1.909090909
472,26,High School,Education,Glasgow,Electrician,24,1,No,Yes,112,22,29352,Yes,0.0625
473,53,High School,Construction,Bristol,Cashier,30,4,No,Yes,24,10,44786,No,1.166666667
474,29,High School,Retail,Leeds,Electrician,21,7,No,Yes,45,22,26311,Yes,1.088888889
475,51,PhD,Education,London,Electrician,24,6,No,No,,5,,No,
476,29,PhD,Education,London,Electrician,27,5,No,Yes,114,14,22846,No,0.3070175439
477,35,PhD,Healthcare,Glasgow,Cashier,15,3,No,Yes,154,6,47884,Yes,0.1363636364
478,37,Bachelor’s,Retail,London,Cashier,25,3,No,Yes,72,9,20358,Yes,0.2916666667
479,54,High School,Tech,Glasgow,Teacher,13,1,Yes,No,,16,,No,
480,27,High School,Construction,Leeds,Cashier,16,3,Yes,Yes,151,14,60100,No,0.1390728477
481,46,Master’s,Healthcare,Leeds,Electrician,23,7,No,Yes,150,20,51703,No,0.3266666667
482,40,Bachelor’s,Construction,Glasgow,Teacher,27,4,Yes,No,,6,,Yes,
483,49,Master’s,Retail,London,Software Developer,19,6,No,No,,28,,Yes,
484,31,Bachelor’s,Construction,London,Electrician,21,5,Yes,Yes,160,16,25776,Yes,0.21875
485,37,High School,Tech,Leeds,Customer Support,22,1,No,No,,15,,No,
486,24,PhD,Retail,Bristol,Accountant,20,7,No,Yes,175,28,53957,No,0.28
487,33,High School,Education,Leeds,Nurse,27,6,No,Yes,179,4,43575,Yes,0.2346368715
488,21,PhD,Tech,Manchester,Electrician,30,10,Yes,Yes,110,21,33127,Yes,0.6363636364
489,25,PhD,Education,Manchester,Teacher,26,6,No,No,,14,,No,
490,38,High School,Retail,Glasgow,Accountant,18,5,No,Yes,111,19,26977,Yes,0.3153153153
491,53,High School,Tech,Leeds,Cashier,34,4,No,No,,21,,No,
492,49,PhD,Education,Glasgow,Electrician,24,0,Yes,Yes,124,,64668,No,0
493,22,Bachelor’s,Finance,London,Accountant,35,6,No,No,,24,,Yes,
494,41,Bachelor’s,Finance,Leeds,Nurse,32,5,Yes,No,,10,,No,
495,26,Bachelor’s,Construction,Manchester,Customer Support,22,4,No,Yes,87,14,34323,No,0.3218390805
496,32,PhD,Construction,Birmingham,Accountant,29,6,No,Yes,68,30,37393,Yes,0.6176470588
497,35,High School,Retail,Leeds,Cashier,31,7,Yes,Yes,27,24,63478,No,1.814814815
498,21,Master’s,Education,London,Electrician,20,6,No,Yes,133,21,38004,No,0.3157894737
499,32,PhD,Education,Manchester,Accountant,13,3,Yes,Yes,20,19,47733,No,1.05
500,55,High School,Finance,Glasgow,Electrician,30,4,No,Yes,37,25,53961,No,0.7567567568
501,41,Bachelor’s,Tech,Bristol,Software Developer,25,5,Yes,Yes,99,22,37019,Yes,0.3535353535
502,37,High School,Healthcare,Leeds,Cashier,26,8,Yes,Yes,60,16,44399,No,0.9333333333
503,46,High School,Retail,Leeds,Software Developer,22,5,No,Yes,32,26,37691,Yes,1.09375
504,48,Master’s,Retail,Birmingham,Electrician,27,6,No,Yes,9,8,47624,No,4.666666667
505,29,PhD,Construction,Leeds,Nurse,19,3,No,No,,12,,No,
506,24,Bachelor’s,Construction,Birmingham,Customer Support,30,4,Yes,Yes,168,6,49481,No,0.1666666667
507,37,Bachelor’s,Education,Leeds,Electrician,26,2,Yes,Yes,38,14,64537,Yes,0.3684210526
508,55,High School,Finance,Manchester,Cashier,23,5,No,Yes,121,5,44973,No,0.2892561983
509,50,Bachelor’s,Retail,Birmingham,Teacher,26,3,No,Yes,168,22,57462,No,0.125
510,25,High School,Finance,Birmingham,Cashier,37,8,Yes,Yes,75,22,62247,No,0.7466666667
511,38,Master’s,Finance,Bristol,Nurse,22,5,No,Yes,49,8,21513,Yes,0.7142857143
512,36,Bachelor’s,Construction,Bristol,Teacher,24,4,Yes,Yes,33,6,24180,No,0.8484848485
513,24,High School,Healthcare,Leeds,Electrician,32,3,No,Yes,165,7,25525,No,0.1272727273
514,40,High School,Construction,Manchester,Accountant,28,2,No,Yes,50,3,22303,No,0.28
515,41,Master’s,Healthcare,Leeds,Cashier,27,4,No,Yes,145,8,58720,No,0.1931034483
516,48,Bachelor’s,Construction,Leeds,Cashier,27,10,No,Yes,65,28,25869,No,1.076923077
517,40,Bachelor’s,Finance,Birmingham,Cashier,26,9,Yes,Yes,41,14,38793,No,1.536585366
518,55,High School,Healthcare,Glasgow,Cashier,28,8,Yes,Yes,81,22,35152,Yes,0.6913580247
519,44,High School,Education,Glasgow,Accountant,21,2,Yes,Yes,172,15,44796,Yes,0.08139534884
520,37,High School,Construction,Birmingham,Nurse,15,2,No,No,,28,,No,
521,39,Bachelor’s,Education,Manchester,Accountant,30,6,Yes,Yes,41,12,27232,No,1.024390244
522,49,High School,Education,Glasgow,Software Developer,24,7,Yes,Yes,143,3,32185,Yes,0.3426573427
523,39,High School,Construction,Glasgow,Teacher,22,4,Yes,Yes,10,18,34233,No,2.8
524,47,Bachelor’s,Healthcare,Manchester,Accountant,26,4,No,Yes,27,29,29574,Yes,1.037037037
525,38,Master’s,Tech,Leeds,Accountant,27,7,Yes,No,,11,,No,
526,21,High School,Construction,Birmingham,Accountant,18,4,No,Yes,15,9,50201,Yes,1.866666667
527,54,Bachelor’s,Retail,Glasgow,Accountant,31,9,No,Yes,89,8,61232,Yes,0.7078651685
528,54,High School,Healthcare,Bristol,Cashier,20,7,Yes,No,,30,,Yes,
529,28,High School,Healthcare,Manchester,Customer Support,22,4,Yes,Yes,37,15,35931,Yes,0.7567567568
530,23,Bachelor’s,Construction,Glasgow,Teacher,22,0,No,Yes,29,,36300,Yes,0
531,52,High School,Education,Manchester,Electrician,21,5,No,Yes,172,7,55150,Yes,0.2034883721
532,29,Bachelor’s,Finance,Leeds,Electrician,24,3,No,Yes,119,26,32646,Yes,0.1764705882
533,45,Bachelor’s,Retail,Manchester,Customer Support,18,3,No,Yes,82,20,52118,Yes,0.256097561
534,32,Bachelor’s,Finance,Bristol,Accountant,24,8,Yes,No,,30,,Yes,
535,25,Bachelor’s,Healthcare,Manchester,Electrician,29,3,Yes,Yes,7,27,61813,No,3
536,32,Master’s,Education,Manchester,Electrician,29,6,No,Yes,23,24,55321,No,1.826086957
537,33,Bachelor’s,Healthcare,Leeds,Software Developer,37,7,No,Yes,171,13,27239,Yes,0.2865497076
538,54,Bachelor’s,Tech,Birmingham,Software Developer,21,3,No,Yes,131,9,26471,Yes,0.1603053435
539,45,Bachelor’s,Education,Leeds,Teacher,33,8,No,Yes,63,22,24644,Yes,0.8888888889
540,34,Bachelor’s,Tech,Glasgow,Electrician,24,3,No,Yes,113,29,44187,Yes,0.185840708
541,38,Bachelor’s,Construction,London,Electrician,15,0,Yes,No,,,,Yes,
542,27,Master’s,Education,Glasgow,Software Developer,23,6,Yes,Yes,152,23,31724,No,0.2763157895
543,27,Master’s,Education,Manchester,Teacher,38,4,No,Yes,33,8,31822,No,0.8484848485
544,53,Bachelor’s,Retail,Leeds,Nurse,21,3,No,Yes,87,20,41276,No,0.2413793103
545,47,Master’s,Healthcare,Bristol,Cashier,20,4,No,Yes,61,15,56060,No,0.4590163934
546,44,PhD,Healthcare,Glasgow,Customer Support,27,5,No,No,,22,,Yes,
547,54,High School,Finance,London,Cashier,18,2,No,Yes,87,3,38085,Yes,0.1609195402
548,27,High School,Finance,Birmingham,Software Developer,31,4,Yes,No,,10,,Yes,
549,37,Master’s,Tech,Leeds,Accountant,25,5,No,Yes,26,26,41279,No,1.346153846
550,32,Bachelor’s,Construction,Bristol,Nurse,16,4,No,Yes,171,12,22449,No,0.1637426901
551,26,Master’s,Finance,Manchester,Electrician,26,3,No,No,,6,,Yes,
552,21,Bachelor’s,Construction,Glasgow,Customer Support,31,0,Yes,Yes,145,,57022,Yes,0
553,41,Bachelor’s,Retail,Birmingham,Customer Support,24,6,No,No,,17,,Yes,
554,35,Bachelor’s,Healthcare,Birmingham,Software Developer,15,7,Yes,Yes,19,20,46161,No,2.578947368
555,26,Bachelor’s,Healthcare,Bristol,Software Developer,30,4,No,Yes,57,18,45907,Yes,0.4912280702
556,54,High School,Tech,Manchester,Electrician,19,2,No,Yes,154,5,27374,No,0.09090909091
557,48,Bachelor’s,Retail,Manchester,Cashier,29,6,No,Yes,85,8,42919,No,0.4941176471
558,30,Bachelor’s,Retail,Birmingham,Teacher,21,3,Yes,No,,30,,Yes,
559,28,Master’s,Retail,Leeds,Software Developer,24,4,No,No,,3,,No,
560,28,Bachelor’s,Healthcare,London,Cashier,17,9,Yes,Yes,59,20,54292,No,1.06779661
561,51,Bachelor’s,Retail,Bristol,Teacher,30,6,No,Yes,176,19,22849,No,0.2386363636
562,31,High School,Retail,Bristol,Nurse,22,1,Yes,Yes,9,5,45470,No,0.7777777778
563,44,Master’s,Tech,Manchester,Electrician,26,4,No,Yes,104,19,26527,No,0.2692307692
564,52,Master’s,Education,London,Software Developer,33,9,Yes,No,,20,,Yes,
565,23,High School,Education,Manchester,Cashier,19,2,No,Yes,11,14,64847,No,1.272727273
566,43,Bachelor’s,Retail,Leeds,Cashier,19,5,No,Yes,106,29,21931,No,0.3301886792
567,35,High School,Healthcare,Bristol,Software Developer,20,2,Yes,Yes,180,22,60994,Yes,0.07777777778
568,47,High School,Retail,Glasgow,Cashier,24,5,No,Yes,145,7,33550,Yes,0.2413793103
569,55,Bachelor’s,Retail,Birmingham,Cashier,30,5,No,No,,7,,No,
570,30,Bachelor’s,Education,Birmingham,Cashier,27,6,Yes,Yes,37,8,40814,Yes,1.135135135
571,22,Master’s,Healthcare,Glasgow,Cashier,32,8,No,No,,23,,No,
572,30,Master’s,Tech,Birmingham,Software Developer,20,9,Yes,No,,22,,No,
573,35,Bachelor’s,Retail,Bristol,Customer Support,30,3,Yes,Yes,129,7,52920,No,0.1627906977
574,44,High School,Healthcare,Glasgow,Accountant,25,7,Yes,Yes,15,16,20983,No,3.266666667
575,47,High School,Construction,Birmingham,Electrician,24,7,Yes,Yes,119,30,60439,No,0.4117647059
576,41,Master’s,Retail,Glasgow,Accountant,22,4,No,Yes,104,26,40506,No,0.2692307692
577,55,Bachelor’s,Construction,London,Nurse,28,5,Yes,Yes,17,10,53993,No,2.058823529
578,23,Bachelor’s,Education,Bristol,Customer Support,19,3,Yes,Yes,84,27,38737,No,0.25
579,31,Bachelor’s,Education,London,Teacher,24,7,No,Yes,172,17,25927,Yes,0.2848837209
580,32,Master’s,Construction,Leeds,Software Developer,23,7,Yes,Yes,13,8,49732,Yes,3.769230769
581,50,High School,Finance,Bristol,Teacher,27,3,No,No,,25,,Yes,
582,26,High School,Healthcare,Bristol,Cashier,28,7,Yes,Yes,137,22,30479,No,0.3576642336
583,45,High School,Retail,Manchester,Nurse,21,5,No,No,,8,,Yes,
584,32,Master’s,Tech,Glasgow,Cashier,28,2,Yes,No,,17,,No,
585,32,High School,Retail,Birmingham,Customer Support,22,5,No,Yes,124,18,52679,Yes,0.2822580645
586,52,High School,Education,Bristol,Accountant,30,6,No,Yes,160,22,20430,Yes,0.2625
587,38,Bachelor’s,Education,Birmingham,Customer Support,28,5,Yes,Yes,96,4,29527,Yes,0.3645833333
588,40,Bachelor’s,Tech,London,Customer Support,24,2,No,Yes,179,12,60048,Yes,0.0782122905
589,50,Master’s,Finance,London,Customer Support,26,4,No,Yes,104,29,24434,No,0.2692307692
590,25,High School,Retail,London,Teacher,22,4,No,Yes,112,19,33752,Yes,0.25
591,24,High School,Construction,Bristol,Nurse,22,5,No,Yes,161,28,38821,No,0.2173913043
592,41,High School,Education,Leeds,Cashier,28,6,No,Yes,134,19,61409,No,0.3134328358
593,52,Master’s,Education,Birmingham,Teacher,30,6,Yes,Yes,37,3,50466,Yes,1.135135135
594,34,Master’s,Healthcare,Glasgow,Customer Support,17,7,Yes,Yes,170,9,20740,Yes,0.2882352941
595,39,High School,Tech,Manchester,Cashier,22,2,No,Yes,8,6,64946,No,1.75
596,42,Bachelor’s,Education,Leeds,Customer Support,29,3,No,Yes,93,24,51398,No,0.2258064516
597,23,Bachelor’s,Healthcare,Birmingham,Teacher,27,5,No,No,,13,,No,
598,47,PhD,Tech,Leeds,Cashier,30,5,No,Yes,149,20,21226,Yes,0.2348993289
599,42,Master’s,Finance,London,Software Developer,31,4,Yes,Yes,103,23,55014,Yes,0.2718446602
600,45,High School,Tech,Manchester,Teacher,32,6,No,Yes,76,16,25688,No,0.5526315789
601,36,Bachelor’s,Finance,Birmingham,Nurse,25,3,Yes,Yes,16,27,33244,Yes,1.3125
602,49,Bachelor’s,Healthcare,Leeds,Software Developer,29,2,Yes,No,,26,,No,
603,41,High School,Tech,Leeds,Teacher,32,9,No,Yes,16,17,45400,Yes,3.9375
604,21,Bachelor’s,Tech,Bristol,Electrician,26,7,No,Yes,126,4,26756,No,0.3888888889
605,22,Bachelor’s,Finance,Bristol,Software Developer,21,3,Yes,Yes,77,20,40915,No,0.2727272727
606,28,High School,Retail,Manchester,Customer Support,25,3,Yes,Yes,138,6,33538,No,0.152173913
607,41,High School,Construction,Manchester,Nurse,36,7,Yes,Yes,163,13,55427,No,0.3006134969
608,24,High School,Healthcare,Bristol,Customer Support,27,8,Yes,Yes,116,15,31729,No,0.4827586207
609,43,Bachelor’s,Retail,Bristol,Electrician,21,2,No,Yes,126,21,28637,Yes,0.1111111111
610,50,High School,Finance,Bristol,Teacher,19,3,No,Yes,66,10,29418,No,0.3181818182
611,44,Bachelor’s,Construction,Bristol,Cashier,25,1,No,No,,17,,No,
612,22,High School,Tech,Manchester,Accountant,20,5,No,Yes,96,22,57662,Yes,0.3645833333
613,53,High School,Construction,London,Cashier,20,3,No,Yes,84,20,50210,No,0.25
614,47,High School,Retail,Leeds,Software Developer,30,4,No,Yes,94,9,58729,No,0.2978723404
615,48,Bachelor’s,Finance,Leeds,Teacher,25,4,Yes,Yes,26,26,57630,No,1.076923077
616,28,Bachelor’s,Healthcare,Manchester,Nurse,17,4,Yes,Yes,85,15,24561,Yes,0.3294117647
617,45,Bachelor’s,Construction,Bristol,Customer Support,18,5,Yes,No,,21,,Yes,
618,30,Bachelor’s,Healthcare,Leeds,Cashier,25,5,Yes,Yes,57,9,64663,No,0.6140350877
619,40,Bachelor’s,Construction,Manchester,Accountant,21,0,No,No,,,,Yes,
620,21,Bachelor’s,Education,Glasgow,Electrician,33,3,Yes,Yes,101,20,23481,Yes,0.2079207921
621,43,High School,Finance,London,Software Developer,27,4,No,Yes,167,13,45086,No,0.1676646707
622,45,Bachelor’s,Retail,Bristol,Software Developer,21,4,No,Yes,105,29,43611,No,0.2666666667
623,30,High School,Construction,Birmingham,Software Developer,26,4,Yes,Yes,43,26,51896,No,0.6511627907
624,29,High School,Construction,Glasgow,Electrician,24,3,No,No,,22,,No,
625,32,Bachelor’s,Healthcare,Leeds,Electrician,18,3,No,Yes,54,16,59621,Yes,0.3888888889
626,52,Master’s,Retail,Bristol,Nurse,16,3,Yes,No,,21,,No,
627,23,PhD,Education,Glasgow,Teacher,35,4,Yes,Yes,27,7,54498,No,1.037037037
628,50,Bachelor’s,Education,Leeds,Customer Support,26,8,Yes,Yes,176,24,25117,No,0.3181818182
629,24,PhD,Education,London,Accountant,27,4,No,No,,21,,No,
630,47,Bachelor’s,Finance,Manchester,Software Developer,33,7,Yes,No,,26,,No,
631,37,High School,Healthcare,Leeds,Software Developer,25,4,No,Yes,81,28,60915,Yes,0.3456790123
632,39,Bachelor’s,Retail,Leeds,Customer Support,22,3,No,Yes,40,22,38413,No,0.525
633,37,High School,Tech,Leeds,Software Developer,26,5,No,Yes,175,17,44233,Yes,0.2
634,37,Master’s,Retail,Glasgow,Software Developer,23,2,No,No,,13,,Yes,
635,30,Bachelor’s,Retail,Glasgow,Electrician,27,4,No,No,,10,,No,
636,31,High School,Construction,Manchester,Customer Support,28,9,No,No,,6,,Yes,
637,31,Bachelor’s,Healthcare,Manchester,Accountant,22,7,No,No,,20,,Yes,
638,45,Bachelor’s,Healthcare,Glasgow,Cashier,33,6,Yes,No,,3,,No,
639,49,Bachelor’s,Finance,Leeds,Teacher,22,7,No,Yes,143,23,43188,No,0.3426573427
640,38,Bachelor’s,Finance,London,Cashier,28,2,No,Yes,179,26,35846,Yes,0.0782122905
641,54,Bachelor’s,Construction,Birmingham,Cashier,23,2,No,Yes,24,3,46951,Yes,0.5833333333
642,54,High School,Healthcare,Manchester,Software Developer,32,5,No,Yes,15,3,60592,Yes,2.333333333
643,24,PhD,Construction,Birmingham,Nurse,19,6,No,Yes,37,5,59628,Yes,1.135135135
644,45,Bachelor’s,Construction,Leeds,Electrician,23,7,No,No,,25,,Yes,
645,37,High School,Construction,London,Teacher,24,6,No,No,,27,,No,
646,41,High School,Tech,Manchester,Electrician,23,7,Yes,Yes,22,11,37345,Yes,2.227272727
647,49,High School,Retail,Leeds,Accountant,28,4,Yes,Yes,43,20,48262,Yes,0.6511627907
648,27,PhD,Construction,Manchester,Customer Support,23,4,Yes,Yes,71,27,49221,Yes,0.3943661972
649,52,High School,Construction,London,Customer Support,19,3,No,Yes,91,15,57659,Yes,0.2307692308
650,53,Master’s,Healthcare,Glasgow,Accountant,22,7,No,Yes,24,20,34801,Yes,2.041666667
651,45,PhD,Healthcare,London,Nurse,22,6,No,No,,13,,No,
652,46,High School,Construction,London,Cashier,38,8,No,No,,5,,No,
653,39,Bachelor’s,Retail,Leeds,Customer Support,23,2,No,Yes,83,25,45565,Yes,0.1686746988
654,43,Bachelor’s,Construction,Glasgow,Teacher,26,5,Yes,Yes,13,26,58859,Yes,2.692307692
655,52,Bachelor’s,Education,Bristol,Cashier,24,3,No,No,,28,,No,
656,22,High School,Tech,Manchester,Electrician,15,1,No,Yes,61,28,62850,No,0.1147540984
657,55,High School,Education,Birmingham,Customer Support,26,3,Yes,Yes,174,3,50881,Yes,0.1206896552
658,36,Master’s,Retail,London,Software Developer,24,5,No,No,,29,,Yes,
659,50,Bachelor’s,Education,London,Electrician,25,7,No,Yes,159,28,60345,Yes,0.3081761006
660,25,Master’s,Healthcare,Manchester,Electrician,27,9,No,Yes,109,13,27916,Yes,0.5779816514
661,41,Master’s,Retail,London,Nurse,23,9,Yes,Yes,77,7,47207,Yes,0.8181818182
662,44,Bachelor’s,Healthcare,Birmingham,Nurse,33,3,Yes,Yes,168,22,44650,Yes,0.125
663,22,Master’s,Tech,London,Customer Support,25,5,Yes,Yes,173,21,38594,No,0.2023121387
664,51,Bachelor’s,Retail,Birmingham,Teacher,18,2,Yes,Yes,68,8,60012,Yes,0.2058823529
665,32,Master’s,Education,London,Teacher,35,7,No,Yes,114,3,56550,Yes,0.4298245614
666,33,High School,Education,London,Nurse,25,4,Yes,No,,20,,Yes,
667,50,Master’s,Construction,Birmingham,Cashier,26,3,Yes,Yes,45,24,51091,No,0.4666666667
668,32,High School,Tech,London,Teacher,29,4,Yes,Yes,71,13,60423,No,0.3943661972
669,23,High School,Tech,Leeds,Software Developer,25,7,Yes,Yes,138,6,24643,Yes,0.3550724638
670,49,Bachelor’s,Finance,Glasgow,Software Developer,30,6,No,No,,10,,Yes,
671,41,High School,Retail,Bristol,Accountant,20,3,No,Yes,63,5,50866,No,0.3333333333
672,24,Master’s,Retail,Birmingham,Nurse,24,7,No,Yes,41,17,32724,No,1.195121951
673,38,High School,Retail,London,Teacher,28,4,No,Yes,35,30,50509,No,0.8
674,47,High School,Finance,Birmingham,Cashier,22,5,No,No,,23,,Yes,
675,35,High School,Education,Glasgow,Electrician,30,7,No,Yes,125,11,20950,No,0.392
676,36,High School,Healthcare,Leeds,Software Developer,22,5,No,Yes,45,21,20332,No,0.7777777778
677,23,High School,Healthcare,Bristol,Electrician,29,7,No,Yes,107,18,26422,No,0.4579439252
678,52,High School,Education,London,Teacher,27,6,No,No,,7,,No,
679,39,High School,Tech,London,Accountant,31,6,No,Yes,124,30,57380,Yes,0.3387096774
680,50,Bachelor’s,Retail,Bristol,Accountant,16,1,Yes,No,,23,,No,
681,21,Master’s,Tech,Glasgow,Teacher,24,3,Yes,Yes,116,27,37680,Yes,0.1810344828
682,26,Bachelor’s,Finance,Bristol,Customer Support,25,4,No,No,,14,,Yes,
683,28,Bachelor’s,Healthcare,Leeds,Customer Support,16,4,Yes,Yes,150,25,24391,Yes,0.1866666667
684,29,PhD,Retail,Leeds,Customer Support,14,4,No,Yes,155,30,33749,Yes,0.1806451613
685,41,Bachelor’s,Finance,Leeds,Teacher,23,3,No,Yes,102,14,49649,No,0.2058823529
686,53,Bachelor’s,Tech,Glasgow,Teacher,24,2,No,No,,12,,No,
687,44,Master’s,Construction,London,Software Developer,22,5,No,Yes,27,15,31718,No,1.296296296
688,25,High School,Finance,London,Teacher,23,2,Yes,Yes,59,19,61109,Yes,0.2372881356
689,39,Bachelor’s,Construction,Leeds,Software Developer,25,8,No,Yes,172,3,39104,Yes,0.3255813953
690,25,High School,Retail,Leeds,Teacher,16,5,Yes,Yes,174,23,41384,No,0.2011494253
691,54,Master’s,Healthcare,Glasgow,Cashier,21,5,No,No,,12,,Yes,
692,37,High School,Finance,Manchester,Electrician,26,6,No,Yes,79,17,30902,Yes,0.5316455696
693,55,High School,Retail,Bristol,Teacher,19,3,No,No,,8,,Yes,
694,28,High School,Finance,Leeds,Software Developer,22,0,No,Yes,59,,56863,Yes,0
695,41,PhD,Retail,Manchester,Accountant,27,3,No,Yes,84,6,21633,No,0.25
696,52,Master’s,Healthcare,Manchester,Software Developer,13,4,Yes,Yes,136,13,62417,No,0.2058823529
697,51,Master’s,Education,Bristol,Software Developer,28,7,No,Yes,120,13,27360,No,0.4083333333
698,23,High School,Education,London,Cashier,22,2,Yes,Yes,63,17,43422,Yes,0.2222222222
699,41,High School,Construction,Birmingham,Nurse,23,3,No,No,,27,,No,
700,33,High School,Education,Glasgow,Teacher,24,6,No,Yes,138,15,32743,No,0.3043478261
701,41,Bachelor’s,Education,London,Teacher,17,0,Yes,Yes,116,,44224,No,0
702,44,High School,Finance,Manchester,Cashier,27,5,No,No,,5,,Yes,
703,49,Master’s,Healthcare,Glasgow,Cashier,28,5,Yes,Yes,115,26,47144,Yes,0.3043478261
704,26,High School,Finance,Glasgow,Electrician,22,4,No,Yes,158,27,44626,Yes,0.1772151899
705,21,Bachelor’s,Finance,Glasgow,Software Developer,29,5,No,Yes,42,9,32190,No,0.8333333333
706,39,Bachelor’s,Tech,Manchester,Electrician,37,6,No,Yes,125,10,21758,Yes,0.336
707,30,High School,Construction,Bristol,Accountant,24,3,Yes,Yes,80,16,31755,No,0.2625
708,36,High School,Finance,Glasgow,Customer Support,23,2,No,Yes,130,21,48578,No,0.1076923077
709,51,PhD,Tech,Manchester,Nurse,29,6,No,Yes,73,8,58119,Yes,0.5753424658
710,30,Bachelor’s,Construction,Birmingham,Cashier,20,4,Yes,Yes,114,23,43329,Yes,0.2456140351
711,39,High School,Construction,London,Nurse,25,6,Yes,Yes,31,22,30953,No,1.35483871
712,41,Master’s,Construction,Manchester,Cashier,27,3,No,Yes,31,20,58013,No,0.6774193548
713,30,High School,Education,Manchester,Cashier,19,2,No,Yes,48,6,34278,Yes,0.2916666667
714,53,High School,Retail,Leeds,Nurse,27,7,No,No,,30,,Yes,
715,47,Bachelor’s,Tech,London,Electrician,28,4,Yes,Yes,96,12,43761,Yes,0.2916666667
716,49,Master’s,Education,Leeds,Electrician,23,5,No,Yes,84,3,27772,Yes,0.4166666667
717,29,Master’s,Retail,Bristol,Software Developer,18,5,Yes,Yes,27,16,27321,Yes,1.296296296
718,22,Master’s,Healthcare,London,Software Developer,22,3,Yes,No,,19,,Yes,
719,51,High School,Finance,London,Customer Support,18,0,Yes,Yes,31,,28112,Yes,0
720,33,High School,Finance,London,Customer Support,25,4,Yes,Yes,78,21,42795,No,0.358974359
721,31,Master’s,Construction,Leeds,Software Developer,38,5,No,Yes,155,27,20916,Yes,0.2258064516
722,33,PhD,Retail,Leeds,Customer Support,29,8,No,Yes,61,19,51110,No,0.9180327869
723,32,Bachelor’s,Tech,Birmingham,Electrician,18,4,Yes,Yes,61,19,34912,No,0.4590163934
724,28,Master’s,Finance,London,Accountant,18,4,Yes,Yes,99,25,38892,Yes,0.2828282828
725,26,Bachelor’s,Tech,Glasgow,Cashier,29,3,No,Yes,120,10,56301,No,0.175
726,39,PhD,Healthcare,Birmingham,Electrician,31,3,Yes,No,,18,,No,
727,32,High School,Construction,Glasgow,Teacher,29,2,Yes,Yes,175,24,25570,Yes,0.08
728,30,Bachelor’s,Construction,Leeds,Customer Support,15,1,No,No,,8,,Yes,
729,44,PhD,Finance,Birmingham,Nurse,21,3,No,Yes,66,29,47833,No,0.3181818182
730,38,Master’s,Education,Leeds,Cashier,35,10,No,No,,15,,No,
731,51,Bachelor’s,Healthcare,Glasgow,Nurse,38,5,Yes,No,,6,,Yes,
732,37,Bachelor’s,Retail,Bristol,Software Developer,20,2,Yes,Yes,24,18,64440,Yes,0.5833333333
733,32,Bachelor’s,Construction,Manchester,Software Developer,27,3,Yes,Yes,26,24,54075,No,0.8076923077
734,50,High School,Construction,Glasgow,Accountant,30,6,No,Yes,145,20,21158,Yes,0.2896551724
735,48,Master’s,Tech,Glasgow,Accountant,23,2,Yes,Yes,124,4,22153,Yes,0.1129032258
736,40,Master’s,Retail,Glasgow,Accountant,33,4,Yes,Yes,131,27,27168,No,0.213740458
737,55,Bachelor’s,Healthcare,Leeds,Electrician,24,4,Yes,Yes,74,18,58734,No,0.3783783784
738,43,Master’s,Finance,Manchester,Customer Support,19,4,Yes,Yes,100,14,58270,Yes,0.28
739,42,Bachelor’s,Healthcare,Manchester,Cashier,27,2,No,Yes,69,10,35376,No,0.2028985507
740,26,PhD,Tech,Manchester,Customer Support,25,5,Yes,Yes,90,4,50206,No,0.3888888889
741,53,PhD,Finance,London,Teacher,16,2,No,Yes,88,15,57378,No,0.1590909091
742,41,Bachelor’s,Healthcare,London,Teacher,26,7,No,Yes,135,28,63737,No,0.362962963
743,31,Bachelor’s,Finance,Glasgow,Software Developer,13,0,No,No,,,,Yes,
744,55,High School,Finance,London,Cashier,31,5,No,Yes,64,22,26026,Yes,0.546875
745,42,High School,Education,Leeds,Accountant,38,4,No,Yes,26,23,39781,No,1.076923077
746,48,Bachelor’s,Finance,Birmingham,Accountant,24,5,No,Yes,123,24,55885,Yes,0.2845528455
747,22,Bachelor’s,Education,Birmingham,Nurse,16,4,No,Yes,126,11,61807,No,0.2222222222
748,24,Bachelor’s,Finance,Glasgow,Software Developer,29,5,Yes,Yes,83,30,48533,No,0.421686747
749,41,Master’s,Tech,Bristol,Software Developer,25,6,No,Yes,80,23,30524,No,0.525
750,36,Bachelor’s,Tech,Birmingham,Software Developer,27,2,Yes,No,,12,,No,
751,52,Bachelor’s,Healthcare,Glasgow,Teacher,26,4,No,Yes,76,7,21909,No,0.3684210526
752,38,Bachelor’s,Retail,Bristol,Electrician,34,6,Yes,Yes,12,4,25500,No,3.5
753,40,Master’s,Healthcare,Manchester,Teacher,27,7,No,Yes,42,10,27335,Yes,1.166666667
754,54,Bachelor’s,Education,Leeds,Cashier,29,4,No,Yes,160,6,40539,No,0.175
755,45,Master’s,Construction,Birmingham,Accountant,24,8,Yes,Yes,61,11,48801,No,0.9180327869
756,37,Master’s,Tech,Glasgow,Nurse,18,3,Yes,No,,13,,No,
757,51,Bachelor’s,Finance,Birmingham,Cashier,23,3,No,Yes,85,3,62296,Yes,0.2470588235
758,24,Bachelor’s,Construction,Birmingham,Cashier,23,7,No,Yes,99,28,64908,Yes,0.4949494949
759,55,Master’s,Healthcare,Glasgow,Customer Support,33,2,No,Yes,72,12,25914,Yes,0.1944444444
760,40,High School,Retail,Glasgow,Teacher,30,8,Yes,No,,23,,No,
761,23,High School,Tech,Glasgow,Accountant,26,2,No,No,,13,,No,
762,27,Master’s,Construction,Manchester,Nurse,17,4,Yes,Yes,147,26,41415,No,0.1904761905
763,22,Master’s,Construction,Bristol,Software Developer,20,3,No,No,,7,,Yes,
764,46,High School,Finance,Manchester,Nurse,36,8,Yes,Yes,139,25,62544,Yes,0.4028776978
765,47,Master’s,Finance,Glasgow,Accountant,24,8,No,Yes,51,24,58864,No,1.098039216
766,39,High School,Healthcare,Manchester,Software Developer,22,4,Yes,Yes,153,10,21358,Yes,0.1830065359
767,35,PhD,Healthcare,Birmingham,Cashier,32,6,No,Yes,109,22,48108,No,0.3853211009
768,30,High School,Finance,Birmingham,Nurse,25,8,Yes,Yes,118,27,49734,No,0.4745762712
769,28,High School,Retail,Birmingham,Electrician,26,6,No,Yes,133,15,28532,No,0.3157894737
770,34,Bachelor’s,Finance,Bristol,Teacher,20,3,Yes,Yes,44,3,39018,No,0.4772727273
771,36,Bachelor’s,Retail,Manchester,Nurse,25,5,No,Yes,9,18,28729,No,3.888888889
772,46,Bachelor’s,Construction,Glasgow,Teacher,22,5,No,Yes,25,6,56503,Yes,1.4
773,24,Bachelor’s,Retail,Glasgow,Cashier,29,2,No,No,,28,,Yes,
774,21,High School,Education,Glasgow,Cashier,24,5,No,Yes,40,20,22695,Yes,0.875
775,37,High School,Healthcare,Manchester,Accountant,18,2,Yes,Yes,142,16,29292,No,0.0985915493
776,28,Bachelor’s,Retail,Glasgow,Electrician,41,8,No,Yes,99,16,38541,No,0.5656565657
777,37,Bachelor’s,Healthcare,Birmingham,Cashier,22,5,No,Yes,45,20,63084,No,0.7777777778
778,24,High School,Tech,Birmingham,Software Developer,24,2,Yes,Yes,126,16,27603,No,0.1111111111
779,23,Bachelor’s,Construction,Leeds,Accountant,22,3,No,Yes,44,6,42911,Yes,0.4772727273
780,34,Master’s,Retail,Birmingham,Teacher,23,5,No,Yes,176,21,33919,Yes,0.1988636364
781,54,Master’s,Retail,Glasgow,Customer Support,29,9,Yes,Yes,31,13,21701,No,2.032258065
782,28,Bachelor’s,Education,London,Electrician,16,5,Yes,Yes,124,29,63223,No,0.2822580645
783,50,Bachelor’s,Finance,Leeds,Teacher,28,6,Yes,No,,23,,No,
784,41,PhD,Construction,Leeds,Software Developer,36,10,Yes,Yes,171,12,41179,Yes,0.4093567251
785,25,Bachelor’s,Education,Glasgow,Customer Support,21,6,Yes,Yes,109,5,21344,Yes,0.3853211009
786,31,Bachelor’s,Healthcare,Manchester,Teacher,29,3,No,Yes,37,12,52168,No,0.5675675676
787,40,PhD,Education,Birmingham,Cashier,25,6,No,No,,19,,Yes,
788,52,Bachelor’s,Healthcare,Glasgow,Cashier,30,5,No,Yes,115,28,44132,Yes,0.3043478261
789,48,Bachelor’s,Tech,London,Nurse,28,6,Yes,Yes,64,23,64973,Yes,0.65625
790,52,Bachelor’s,Construction,Leeds,Customer Support,21,5,Yes,Yes,129,12,29739,Yes,0.2713178295
791,40,Master’s,Education,Glasgow,Cashier,20,4,No,Yes,18,19,27053,No,1.555555556
792,47,High School,Construction,Bristol,Nurse,28,7,No,Yes,156,5,52993,Yes,0.3141025641
793,28,Master’s,Healthcare,Birmingham,Electrician,36,5,Yes,Yes,28,16,39506,No,1.25
794,50,Master’s,Healthcare,Leeds,Electrician,23,3,Yes,No,,30,,Yes,
795,34,High School,Construction,Leeds,Cashier,31,3,No,Yes,143,3,20383,No,0.1468531469
796,28,High School,Construction,Glasgow,Accountant,28,4,No,No,,26,,No,
797,40,Bachelor’s,Education,Manchester,Teacher,14,4,No,Yes,108,28,39834,Yes,0.2592592593
798,29,High School,Retail,London,Electrician,20,4,Yes,No,,30,,Yes,
799,34,Bachelor’s,Retail,Bristol,Software Developer,26,4,No,Yes,144,9,25642,No,0.1944444444
800,50,High School,Healthcare,London,Customer Support,22,2,Yes,Yes,120,18,50899,Yes,0.1166666667
801,49,Bachelor’s,Retail,Manchester,Nurse,28,6,No,Yes,92,3,26728,No,0.4565217391
802,47,Master’s,Construction,Leeds,Nurse,26,2,No,No,,4,,No,
803,46,Bachelor’s,Education,Bristol,Nurse,33,5,No,No,,30,,No,
804,35,Master’s,Education,London,Accountant,26,5,No,Yes,75,23,47337,No,0.4666666667
805,28,Bachelor’s,Construction,Manchester,Accountant,22,1,No,Yes,80,26,32596,No,0.0875
806,43,Bachelor’s,Education,Birmingham,Nurse,29,8,No,Yes,161,30,63054,No,0.347826087
807,29,Master’s,Construction,Bristol,Accountant,16,2,No,No,,24,,No,
808,51,Master’s,Retail,Leeds,Software Developer,28,2,Yes,Yes,177,18,28460,Yes,0.0790960452
809,33,High School,Healthcare,London,Electrician,15,3,No,No,,12,,Yes,
810,34,Bachelor’s,Tech,Manchester,Cashier,28,6,Yes,Yes,135,4,24172,No,0.3111111111
811,48,High School,Retail,London,Nurse,20,3,Yes,Yes,94,28,43281,Yes,0.2234042553
812,38,Master’s,Construction,Leeds,Nurse,21,4,No,Yes,119,28,49958,Yes,0.2352941176
813,27,Master’s,Education,London,Electrician,15,2,No,Yes,49,23,27737,Yes,0.2857142857
814,44,High School,Finance,Bristol,Accountant,29,3,No,Yes,32,7,62407,No,0.65625
815,42,Master’s,Tech,Birmingham,Accountant,24,1,No,No,,3,,Yes,
816,51,Bachelor’s,Education,Birmingham,Customer Support,20,2,Yes,Yes,113,14,61251,Yes,0.1238938053
817,30,Master’s,Education,Glasgow,Electrician,21,4,Yes,No,,16,,No,
818,50,PhD,Education,Bristol,Cashier,26,5,No,Yes,9,25,53904,Yes,3.888888889
819,26,Bachelor’s,Healthcare,Birmingham,Accountant,22,7,Yes,No,,24,,Yes,
820,24,PhD,Construction,Bristol,Nurse,27,8,No,Yes,148,30,39944,No,0.3783783784
821,43,High School,Finance,Leeds,Nurse,21,5,No,Yes,121,23,33443,No,0.2892561983
822,43,Master’s,Construction,Glasgow,Electrician,22,7,Yes,Yes,16,20,41921,No,3.0625
823,29,Bachelor’s,Education,Manchester,Software Developer,26,6,Yes,Yes,140,13,61660,Yes,0.3
824,22,High School,Education,Leeds,Cashier,20,4,Yes,No,,26,,No,
825,53,High School,Tech,Manchester,Cashier,28,5,No,Yes,19,27,62661,Yes,1.842105263
826,49,High School,Construction,London,Accountant,26,5,Yes,Yes,155,21,61139,Yes,0.2258064516
827,43,High School,Construction,Bristol,Nurse,24,7,No,Yes,140,26,36228,Yes,0.35
828,41,Bachelor’s,Retail,Manchester,Accountant,20,3,Yes,Yes,112,5,26045,Yes,0.1875
829,48,Master’s,Healthcare,Birmingham,Accountant,43,8,Yes,Yes,110,21,56632,No,0.5090909091
830,37,Bachelor’s,Construction,Glasgow,Accountant,17,3,No,No,,26,,No,
831,31,High School,Retail,Glasgow,Teacher,33,5,No,No,,19,,Yes,
832,34,Bachelor’s,Tech,Bristol,Software Developer,28,2,No,Yes,37,22,46779,Yes,0.3783783784
833,28,Bachelor’s,Finance,London,Nurse,26,2,Yes,Yes,102,12,39266,No,0.137254902
834,22,Master’s,Retail,Leeds,Accountant,28,6,Yes,No,,12,,Yes,
835,32,Master’s,Healthcare,London,Customer Support,29,4,No,Yes,18,16,51534,No,1.555555556
836,49,PhD,Healthcare,Glasgow,Electrician,21,2,No,Yes,42,19,61711,No,0.3333333333
837,49,Bachelor’s,Retail,Bristol,Cashier,15,4,Yes,Yes,166,16,45377,Yes,0.1686746988
838,46,Bachelor’s,Tech,Bristol,Accountant,28,8,No,Yes,49,25,21625,No,1.142857143
839,28,Bachelor’s,Tech,Birmingham,Nurse,36,8,No,No,,21,,Yes,
840,51,Bachelor’s,Tech,London,Teacher,34,7,No,Yes,11,11,33487,Yes,4.454545455
841,49,High School,Education,Leeds,Cashier,20,5,No,Yes,12,13,48640,Yes,2.916666667
842,47,High School,Education,Manchester,Accountant,25,6,Yes,Yes,32,20,31020,No,1.3125
843,30,High School,Tech,Birmingham,Cashier,23,6,No,Yes,22,22,41318,Yes,1.909090909
844,22,Master’s,Finance,Glasgow,Customer Support,21,8,Yes,Yes,89,11,44609,Yes,0.6292134831
845,24,High School,Education,Leeds,Software Developer,32,5,No,No,,15,,Yes,
846,38,High School,Healthcare,Leeds,Accountant,27,8,Yes,Yes,169,10,21220,No,0.3313609467
847,27,High School,Education,Bristol,Electrician,28,9,Yes,Yes,121,5,61667,Yes,0.520661157
848,30,Bachelor’s,Retail,Birmingham,Nurse,35,5,No,No,,20,,No,
849,23,High School,Healthcare,Leeds,Cashier,30,5,No,Yes,22,18,37911,No,1.590909091
850,45,PhD,Construction,Birmingham,Nurse,22,4,No,Yes,48,26,55002,Yes,0.5833333333
851,40,High School,Construction,London,Electrician,15,2,Yes,Yes,78,16,33818,No,0.1794871795
852,42,Bachelor’s,Construction,Glasgow,Cashier,27,8,Yes,No,,13,,Yes,
853,50,PhD,Finance,London,Teacher,19,5,Yes,No,,22,,No,
854,21,PhD,Construction,Birmingham,Accountant,30,6,No,Yes,132,27,45741,Yes,0.3181818182
855,25,Bachelor’s,Construction,Glasgow,Teacher,18,1,Yes,No,,15,,No,
856,45,High School,Construction,London,Customer Support,25,3,No,No,,17,,Yes,
857,35,Master’s,Finance,Bristol,Teacher,23,5,Yes,Yes,164,23,39869,Yes,0.2134146341
858,35,PhD,Finance,London,Cashier,22,5,No,Yes,162,9,20467,Yes,0.2160493827
859,46,High School,Finance,Leeds,Nurse,36,7,No,Yes,175,26,57074,Yes,0.28
860,25,Bachelor’s,Construction,London,Software Developer,17,0,Yes,Yes,65,,54280,No,0
861,33,Master’s,Tech,Bristol,Teacher,26,5,No,Yes,150,17,20128,No,0.2333333333
862,24,Master’s,Finance,Glasgow,Electrician,31,5,No,Yes,139,17,52477,No,0.2517985612
863,54,Master’s,Construction,Birmingham,Customer Support,24,5,Yes,Yes,121,13,20338,No,0.2892561983
864,33,Bachelor’s,Education,London,Teacher,20,2,Yes,Yes,26,10,32902,Yes,0.5384615385
865,42,Bachelor’s,Construction,Bristol,Customer Support,21,6,Yes,Yes,13,21,61045,No,3.230769231
866,37,High School,Healthcare,Birmingham,Cashier,25,6,No,No,,19,,Yes,
867,25,Master’s,Education,Glasgow,Electrician,17,1,Yes,Yes,38,5,23977,Yes,0.1842105263
868,45,Bachelor’s,Construction,London,Electrician,17,0,Yes,No,,,,No,
869,24,Bachelor’s,Construction,Glasgow,Customer Support,25,2,Yes,Yes,20,12,44999,No,0.7
870,27,Bachelor’s,Healthcare,Birmingham,Electrician,27,4,No,Yes,9,17,45160,No,3.111111111
871,48,Master’s,Education,London,Cashier,24,8,No,Yes,13,17,53896,No,4.307692308
872,33,High School,Tech,Leeds,Teacher,28,6,Yes,No,,9,,Yes,
873,53,High School,Healthcare,Glasgow,Teacher,25,5,No,Yes,42,28,22888,Yes,0.8333333333
874,29,Bachelor’s,Healthcare,Leeds,Teacher,25,6,No,Yes,145,27,29543,Yes,0.2896551724
875,51,Bachelor’s,Finance,Manchester,Cashier,27,3,No,Yes,175,24,29476,Yes,0.12
876,36,Bachelor’s,Education,London,Accountant,28,4,Yes,No,,23,,Yes,
877,25,Bachelor’s,Construction,Glasgow,Teacher,23,4,No,Yes,91,30,57906,No,0.3076923077
878,40,Bachelor’s,Retail,London,Accountant,24,1,No,No,,18,,Yes,
879,21,Bachelor’s,Construction,Birmingham,Accountant,30,11,No,Yes,91,28,44635,Yes,0.8461538462
880,46,High School,Tech,Manchester,Customer Support,27,3,Yes,Yes,36,7,39043,No,0.5833333333
881,33,Bachelor’s,Finance,London,Customer Support,21,4,Yes,Yes,63,11,31421,No,0.4444444444
882,36,High School,Tech,Birmingham,Electrician,31,9,Yes,Yes,180,7,44833,Yes,0.35
883,42,PhD,Finance,Glasgow,Software Developer,22,1,Yes,Yes,50,19,60842,No,0.14
884,25,High School,Retail,Birmingham,Software Developer,24,4,No,Yes,88,22,48150,Yes,0.3181818182
885,23,Master’s,Education,Birmingham,Electrician,23,4,No,No,,13,,Yes,
886,24,Bachelor’s,Finance,Birmingham,Electrician,23,4,No,Yes,132,9,25335,No,0.2121212121
887,25,High School,Healthcare,Bristol,Electrician,39,6,No,Yes,125,8,41091,No,0.336
888,54,Bachelor’s,Construction,Glasgow,Accountant,23,5,Yes,Yes,156,23,22398,Yes,0.2243589744
889,35,Master’s,Healthcare,Birmingham,Accountant,26,3,Yes,Yes,103,21,30302,No,0.2038834951
890,37,Bachelor’s,Retail,London,Cashier,23,2,No,Yes,156,4,50490,No,0.08974358974
891,48,Bachelor’s,Healthcare,Glasgow,Cashier,23,6,No,Yes,104,3,31768,No,0.4038461538
892,35,High School,Tech,Manchester,Customer Support,28,8,Yes,Yes,146,23,25122,No,0.3835616438
893,35,High School,Tech,Manchester,Customer Support,20,3,No,Yes,179,13,36385,No,0.1173184358
894,38,High School,Education,Birmingham,Electrician,26,5,No,Yes,73,3,39626,No,0.4794520548
895,43,Master’s,Healthcare,Glasgow,Electrician,29,7,No,Yes,127,23,53596,Yes,0.3858267717
896,46,High School,Construction,Bristol,Software Developer,30,7,No,Yes,148,27,50719,No,0.3310810811
897,42,Master’s,Finance,Birmingham,Accountant,19,6,No,Yes,60,17,49489,Yes,0.7
898,44,High School,Retail,Manchester,Teacher,19,5,Yes,No,,29,,No,
899,42,High School,Healthcare,Bristol,Electrician,32,6,No,No,,20,,No,
900,41,Bachelor’s,Education,London,Software Developer,26,5,Yes,No,,13,,No,
901,45,High School,Healthcare,London,Nurse,32,4,Yes,Yes,91,21,49591,No,0.3076923077
902,26,High School,Construction,Leeds,Software Developer,25,5,Yes,Yes,132,3,32235,Yes,0.2651515152
903,25,PhD,Healthcare,Manchester,Software Developer,21,2,Yes,Yes,24,17,23765,No,0.5833333333
904,54,High School,Finance,Glasgow,Accountant,20,2,Yes,Yes,144,16,51342,Yes,0.09722222222
905,45,PhD,Retail,Birmingham,Electrician,33,4,Yes,Yes,177,18,30405,No,0.1581920904
906,33,Bachelor’s,Construction,Glasgow,Cashier,30,9,Yes,No,,17,,Yes,
907,46,Bachelor’s,Retail,Leeds,Cashier,30,3,No,No,,17,,No,
908,23,Master’s,Finance,Bristol,Accountant,35,8,Yes,No,,28,,No,
909,46,Bachelor’s,Retail,Glasgow,Software Developer,22,5,Yes,Yes,117,17,45209,Yes,0.2991452991
910,27,Bachelor’s,Tech,Birmingham,Electrician,20,2,Yes,No,,20,,No,
911,25,Bachelor’s,Construction,Birmingham,Accountant,21,5,No,No,,6,,No,
912,25,Master’s,Education,Manchester,Accountant,29,7,No,Yes,136,4,50288,Yes,0.3602941176
913,25,Bachelor’s,Construction,Bristol,Accountant,17,1,Yes,Yes,56,15,22475,Yes,0.125
914,37,High School,Retail,Manchester,Teacher,21,0,No,Yes,24,,25409,Yes,0
915,49,High School,Finance,Birmingham,Software Developer,22,3,No,Yes,52,12,28136,No,0.4038461538
916,31,High School,Tech,Bristol,Cashier,21,5,Yes,Yes,62,25,22257,Yes,0.564516129
917,49,Bachelor’s,Construction,Leeds,Teacher,15,4,No,Yes,33,15,40206,No,0.8484848485
918,24,Bachelor’s,Tech,Glasgow,Electrician,21,5,Yes,Yes,68,9,25989,Yes,0.5147058824
919,47,High School,Tech,Manchester,Electrician,24,4,Yes,Yes,63,6,63523,Yes,0.4444444444
920,31,High School,Education,London,Electrician,30,5,Yes,Yes,55,22,33573,No,0.6363636364
921,48,High School,Retail,London,Cashier,22,5,Yes,Yes,174,13,20785,No,0.2011494253
922,34,Bachelor’s,Tech,Bristol,Electrician,29,8,Yes,Yes,18,5,34323,No,3.111111111
923,40,Master’s,Healthcare,London,Teacher,31,10,No,No,,30,,Yes,
924,37,PhD,Education,Manchester,Teacher,31,8,No,Yes,41,13,31490,No,1.365853659
925,51,High School,Tech,Leeds,Nurse,29,4,No,Yes,66,19,58500,Yes,0.4242424242
926,35,High School,Tech,Manchester,Software Developer,21,7,No,No,,22,,Yes,
927,24,High School,Healthcare,Manchester,Software Developer,23,5,Yes,Yes,16,10,59195,No,2.1875
928,42,High School,Finance,Bristol,Electrician,26,6,No,Yes,113,23,38904,Yes,0.3716814159
929,35,Master’s,Finance,Manchester,Software Developer,24,2,Yes,Yes,177,10,34578,No,0.0790960452
930,54,Bachelor’s,Healthcare,Bristol,Customer Support,35,9,Yes,Yes,56,4,61573,Yes,1.125
931,34,High School,Retail,Leeds,Nurse,25,7,No,No,,10,,Yes,
932,48,Master’s,Finance,Birmingham,Teacher,21,6,Yes,Yes,162,10,39864,No,0.2592592593
933,49,PhD,Retail,Manchester,Electrician,27,6,No,Yes,99,15,44754,Yes,0.4242424242
934,51,Bachelor’s,Education,Leeds,Teacher,24,3,No,Yes,130,3,44996,No,0.1615384615
935,26,Master’s,Finance,Leeds,Nurse,31,9,Yes,Yes,72,15,50385,No,0.875
936,50,High School,Education,Leeds,Accountant,38,9,Yes,Yes,127,9,30140,Yes,0.4960629921
937,21,High School,Education,Bristol,Teacher,25,5,Yes,Yes,113,15,44454,No,0.3097345133
938,52,Bachelor’s,Education,London,Accountant,26,2,No,No,,6,,No,
939,31,High School,Healthcare,Manchester,Electrician,23,4,No,Yes,137,25,52022,No,0.204379562
940,24,Bachelor’s,Healthcare,Bristol,Software Developer,17,2,Yes,Yes,99,23,64330,Yes,0.1414141414
941,30,High School,Healthcare,Bristol,Software Developer,27,6,Yes,Yes,176,29,30579,Yes,0.2386363636
942,28,Master’s,Construction,Bristol,Accountant,22,2,Yes,Yes,27,19,32374,No,0.5185185185
943,31,Master’s,Finance,Bristol,Cashier,32,6,No,Yes,104,21,40183,No,0.4038461538
944,26,High School,Education,Manchester,Electrician,31,7,Yes,Yes,108,25,40191,Yes,0.4537037037
945,31,Master’s,Tech,London,Customer Support,22,3,No,Yes,113,23,38896,No,0.185840708
946,31,High School,Retail,Bristol,Software Developer,16,1,Yes,Yes,35,17,57164,Yes,0.2
947,32,High School,Construction,Birmingham,Electrician,21,3,No,Yes,111,17,61080,Yes,0.1891891892
948,31,High School,Tech,Glasgow,Customer Support,19,3,Yes,Yes,156,10,51319,No,0.1346153846
949,27,High School,Finance,London,Teacher,39,9,No,No,,6,,Yes,
950,54,Master’s,Healthcare,Leeds,Nurse,22,3,No,No,,18,,No,
951,42,Bachelor’s,Finance,Manchester,Teacher,21,2,No,No,,29,,Yes,
952,44,Bachelor’s,Healthcare,Leeds,Customer Support,28,3,No,No,,28,,Yes,
953,21,Bachelor’s,Construction,Glasgow,Teacher,20,3,No,No,,3,,Yes,
954,54,High School,Construction,Birmingham,Cashier,31,4,No,Yes,128,19,47074,Yes,0.21875
955,21,PhD,Finance,London,Teacher,16,4,Yes,Yes,90,24,49118,Yes,0.3111111111
956,52,Bachelor’s,Education,London,Cashier,30,2,No,No,,18,,Yes,
957,45,High School,Retail,Bristol,Software Developer,26,5,No,No,,28,,Yes,
958,29,Bachelor’s,Tech,Manchester,Electrician,21,2,No,Yes,126,8,49247,Yes,0.1111111111
959,51,Bachelor’s,Retail,Birmingham,Software Developer,16,5,Yes,No,,25,,Yes,
960,27,Bachelor’s,Construction,London,Software Developer,15,1,No,Yes,105,27,38373,Yes,0.06666666667
961,37,Bachelor’s,Construction,London,Teacher,24,8,Yes,Yes,132,5,41810,Yes,0.4242424242
962,25,Bachelor’s,Healthcare,Bristol,Teacher,22,6,No,Yes,171,28,56824,No,0.2456140351
963,35,High School,Tech,Manchester,Customer Support,32,6,Yes,Yes,158,9,27609,No,0.2658227848
964,29,Master’s,Healthcare,Leeds,Teacher,29,2,Yes,Yes,144,9,45437,No,0.09722222222
965,41,Master’s,Construction,Birmingham,Nurse,25,6,No,Yes,34,15,20602,No,1.235294118
966,41,High School,Finance,Birmingham,Accountant,24,4,No,Yes,79,7,63604,Yes,0.3544303797
967,41,Bachelor’s,Construction,London,Cashier,24,4,No,Yes,129,23,34136,No,0.2170542636
968,39,Master’s,Healthcare,London,Electrician,36,6,Yes,No,,9,,Yes,
969,24,PhD,Retail,Glasgow,Teacher,26,9,Yes,No,,24,,Yes,
970,22,Bachelor’s,Finance,Glasgow,Teacher,21,3,No,Yes,107,15,24707,No,0.1962616822
971,39,Bachelor’s,Retail,Bristol,Electrician,23,5,No,Yes,89,27,58036,Yes,0.393258427
972,40,Bachelor’s,Retail,Leeds,Software Developer,20,1,No,Yes,44,9,34295,Yes,0.1590909091
973,21,Bachelor’s,Education,London,Teacher,20,2,No,No,,15,,No,
974,31,PhD,Tech,Manchester,Accountant,26,6,Yes,Yes,138,23,42183,No,0.3043478261
975,30,Bachelor’s,Healthcare,Birmingham,Customer Support,23,3,Yes,Yes,84,25,59069,Yes,0.25
976,45,Master’s,Construction,Bristol,Customer Support,26,4,No,No,,23,,No,
977,38,Bachelor’s,Healthcare,Manchester,Customer Support,30,3,Yes,Yes,132,23,63829,Yes,0.1590909091
978,22,Bachelor’s,Education,Glasgow,Cashier,21,5,No,Yes,158,8,45163,No,0.2215189873
979,48,High School,Retail,London,Cashier,30,4,Yes,No,,28,,Yes,
980,46,Master’s,Tech,Glasgow,Nurse,24,5,No,No,,19,,No,
981,25,Bachelor’s,Education,Leeds,Teacher,17,1,No,Yes,60,24,27689,Yes,0.1166666667
982,32,High School,Healthcare,Manchester,Customer Support,21,2,Yes,Yes,174,8,25755,No,0.08045977011
983,23,High School,Tech,Leeds,Cashier,24,3,Yes,Yes,115,24,20005,Yes,0.1826086957
984,40,High School,Education,Manchester,Teacher,25,5,No,Yes,132,25,40508,No,0.2651515152
985,55,Bachelor’s,Construction,London,Teacher,29,5,No,Yes,55,7,39641,Yes,0.6363636364
986,29,Bachelor’s,Retail,Leeds,Cashier,23,5,Yes,Yes,115,5,56034,No,0.3043478261
987,37,Bachelor’s,Retail,Glasgow,Accountant,25,0,Yes,Yes,115,,29387,Yes,0
988,25,Bachelor’s,Finance,Bristol,Teacher,31,9,No,Yes,151,24,62452,Yes,0.417218543
989,47,Master’s,Finance,Glasgow,Accountant,21,3,Yes,Yes,26,11,28167,Yes,0.8076923077
990,47,High School,Construction,London,Cashier,27,6,No,No,,7,,Yes,
991,38,High School,Healthcare,Birmingham,Accountant,19,2,No,No,,6,,Yes,
992,54,Master’s,Finance,Leeds,Electrician,29,8,No,Yes,96,25,57496,No,0.5833333333
993,38,Bachelor’s,Tech,Birmingham,Cashier,29,7,No,Yes,95,28,64421,No,0.5157894737
994,51,Bachelor’s,Finance,London,Teacher,34,10,No,Yes,39,7,44825,No,1.794871795
995,24,PhD,Construction,Manchester,Teacher,15,3,No,Yes,114,25,50001,Yes,0.1842105263
996,49,PhD,Healthcare,Leeds,Cashier,29,8,Yes,Yes,65,12,61656,Yes,0.8615384615
997,40,Bachelor’s,Finance,London,Teacher,23,4,Yes,Yes,30,8,57703,Yes,0.9333333333
998,26,Master’s,Education,Glasgow,Electrician,34,7,No,No,,16,,Yes,
999,51,Bachelor’s,Construction,Bristol,Nurse,27,7,No,Yes,164,9,20477,No,0.2987804878
1000,55,Master’s,Retail,Bristol,Teacher,29,4,No,No,,19,,Yes,